Marker,Chr1-HB1,Chr1-SNP5,Chr1-HB2,Chr1-HB3,Chr1-SNP40,Chr1-HB4,Chr1-SNP43,Chr1-SNP44,Chr1-SNP45,Chr1-HB5,Chr1-SNP53,Chr1-HB6,Chr1-HB7,Chr1-SNP64,Chr1-SNP65,Chr1-SNP66,Chr1-SNP67,Chr1-HB8,Chr1-HB9,Chr1-HB10,Chr1-HB11,Chr1-HB12,Chr1-HB13,Chr1-HB14,Chr1-HB15,Chr1-SNP144,Chr1-HB16,Chr1-SNP150,Chr1-HB17,Chr1-SNP156,Chr1-HB18,Chr1-SNP165,Chr1-HB19,Chr1-HB20,Chr1-HB21,Chr1-SNP184,Chr1-HB22,Chr1-HB23,Chr1-HB24,Chr1-SNP202,Chr1-SNP203,Chr1-SNP204,Chr1-HB25,Chr1-SNP210,Chr1-HB26,Chr1-HB27,Chr1-SNP224,Chr1-HB28,Chr1-HB29,Chr1-SNP234,Chr1-HB30,Chr1-SNP242,Chr1-SNP243,Chr1-HB31,Chr1-SNP247,Chr1-HB32,Chr1-SNP256,Chr1-SNP257,Chr1-HB33,Chr1-SNP266,Chr1-SNP267,Chr1-HB34,Chr1-SNP270,Chr1-SNP271,Chr1-HB35,Chr1-HB36,Chr1-HB37,Chr1-SNP281,Chr1-SNP282,Chr1-HB38,Chr1-SNP287,Chr1-SNP288,Chr1-SNP289,Chr1-SNP290,Chr1-SNP291,Chr1-HB39,Chr1-SNP297,Chr1-SNP298,Chr1-SNP299,Chr1-HB40,Chr1-HB41,Chr1-SNP310,Chr1-SNP311,Chr1-SNP312,Chr1-HB42,Chr1-SNP317,Chr1-SNP318,Chr1-SNP319,Chr1-SNP320,Chr1-HB43,Chr1-SNP330,Chr1-HB44,Chr1-SNP337,Chr1-HB45,Chr1-HB46,Chr1-SNP342,Chr1-SNP343,Chr1-HB47,Chr1-SNP347,Chr1-SNP348,Chr1-SNP349,Chr1-HB48,Chr1-HB49,Chr1-HB50,Chr1-HB51,Chr1-SNP393,Chr1-SNP394,Chr1-SNP395,Chr1-HB52,Chr1-SNP403,Chr1-SNP404,Chr1-SNP405,Chr1-HB53,Chr1-SNP416,Chr1-HB54,Chr1-SNP423,Chr1-SNP424,Chr1-SNP425,Chr1-HB55,Chr1-SNP433,Chr1-SNP434,Chr1-SNP435,Chr1-SNP436,Chr1-HB56,Chr1-SNP439,Chr1-SNP440,Chr1-SNP441,Chr1-SNP442,Chr1-HB57,Chr1-SNP445,Chr1-HB58,Chr1-HB59,Chr1-HB60,Chr1-HB61,Chr1-HB62,Chr1-SNP480,Chr1-SNP481,Chr1-SNP482,Chr1-SNP483,Chr1-HB63,Chr1-HB64,Chr1-HB65,Chr1-HB66,Chr1-SNP504,Chr1-SNP505,Chr1-HB67,Chr1-SNP512,Chr1-SNP513,Chr1-HB68,Chr1-SNP516,Chr1-SNP517,Chr1-HB69,Chr1-HB70,Chr1-HB71,Chr1-SNP527,Chr1-HB72,Chr1-HB73,Chr1-SNP533,Chr1-SNP534,Chr1-HB74,Chr1-HB75,Chr1-HB76,Chr1-HB77,Chr1-HB78,Chr1-HB79,Chr1-HB80,Chr1-HB81,Chr1-SNP588,Chr1-SNP589,Chr1-SNP590,Chr1-HB82,Chr1-SNP597,Chr1-SNP598,Chr1-HB83,Chr1-HB84,Chr1-HB85,Chr1-HB86
Olympio,CTTC,H,TGCTTAATCCTTCTGTHHHHHHTAHGCTA,HHHHH,G,TG,G,A,-,GCCTCTH,H,HH,ACACTAGA,A,A,G,H,TTA,CCCACTGAAGGAATATTAAAC,GGHHHHHH,HAHHHHH,HHHAHHHH,HHH,HHH,HHTHHHHHHHCHHHHHHHHHHHH,H,HHHHT,H,HHHHH,T,TCGTAAGH,H,AAHGHC,HHHHHH,HACHHH,T,AGATT,GGACATTTTC,TA,T,A,H,TCCGA,H,TGACG,TCATGHGA,C,AAGGTA,GAA,G,TCACCTC,C,T,TCC,C,TTTCAATC,A,H,HHHHHHHH,H,C,GT,G,C,TGCGC,HH,HH,T,H,GGCC,H,A,T,T,-,HHHHH,A,T,C,HHHHHHHH,TA,H,H,H,HHHH,T,H,H,H,HTA-GGACT,C,CCGCAT,C,AT,AC,C,T,TCG,T,C,A,GGTCAAGAGGTTGAAGGGTAAGCC,AAAG,AGTTCTGCC,TCTCCA,T,C,A,GATCTCT,T,T,G,TTGATGTAGC,G,ATTTAG,T,H,C,TCCTGTA,C,T,A,G,GT,G,T,A,T,AA,A,ATA,TCCCAATGAACA,GTT,TTCGCTGA,GCAGTTGA,H,A,H,H,HHG,HHH,CGAAGTAHC,CGACC,H,H,GAGTGG,G,H,GT,H,C,CA,HH,HHTTT,H,TGC,HH,H,-,-----H,GCGGTA,HHHHHHH,TTHHH,HHHHHHHHCHHHHHHHHHH,AA,TCG,TCTTA,T,C,H,TGGCAA,C,A,CATAC,TTA,TGCTCTTTTTACGCTA,GGCA
CotognadelBerti,CTTC,C,TGCTTAATCCTTCTGTCAAGGATATGCTA,TGTTC,G,TG,G,A,C,GCCTCTT,T,CC,ACACTAGA,A,A,G,A,TTA,CCCACTGAAGGAATATTAAAC,GGGGTCTA,GATTCAT,TGCAGCCC,TTT,TTT,ATTCHHHGGCCGCTAACCAAATA,A,GCGCT,H,GTCAC,T,TCGTAAGA,T,HHTHCH,HHHHHH,CHHHGT,T,AGATT,GGATHHTTTC,TA,T,A,H,TCCGA,H,TGACG,TCATGGGA,C,AAGGTA,GAA,G,TCACCTC,C,T,TCC,C,TTTCAATC,A,C,GGCCCGTG,C,C,GT,A,T,CCCGC,CT,TC,T,A,GGCC,H,A,T,T,G,TGCTT,A,T,C,ACCGACCG,TA,C,A,T,TATT,T,H,T,T,ACCAGGATT,T,GCGCAT,C,AT,AC,C,T,TCG,T,A,T,CCCTAGACCACGTGTAAGTGTAAT,CGTT,AGTTCTCTG,HHHHHH,H,G,G,GACATGC,A,C,A,TTACAATAGC,G,ATTTAG,T,H,C,TAGCCCG,C,T,A,G,GT,G,T,A,T,AA,A,ATA,TCCCGACAGGTG,AAC,TTCGCCAT,GGGACGCA,G,A,A,A,GAA,CTC,CGAAGTAAC,CGACC,C,T,GGCTAG,G,G,GT,T,C,CA,TC,ATTTT,A,TGC,AC,A,C,CCTGGT,AGACCG,CAAATAC,TTCTG,ATCCACGGCTGATGTCGAG,TT,TCG,TCTTA,A,C,T,TGGCAA,C,A,ATCGA,TTA,TGCTCTTTTTACGCTA,GGCA
CotognadelPoggio,CTTC,C,TGCTTAATCCTTCTGTCAAGGATATGCTA,-GTTC,G,TG,G,A,C,GCCTCTT,T,CC,ACACTAGA,A,A,G,A,TTA,CCCACTGAAGGAATATTAAAC,GGGGTCTA,GATTCAT,TGC-GCCC,TTT,TTT,ATTCHHHGGCCGCTAACCAAATA,A,GCGCT,H,GTCAC,T,TC--AAGA,T,AATGCC,GGCGCA,CTTCGT,T,AGATT,GGATATTTTC,TA,T,A,H,TCCGA,H,TGACG,TCATGGGA,C,AAGGTA,GAA,G,TCACCTC,C,T,TCC,C,TTTCAATC,A,T,ATTGTAAC,T,T,AC,A,T,CCTCT,TC,CT,T,G,GGCC,H,A,T,T,A,CCHTC,A,T,C,G-HHTTGA,CG,C,A,T,CGCC,T,H,C,A,GTAGGGACT,T,GCGCAT,C,AT,AC,C,T,TCG,T,A,T,CCCTAGACCACGTGTAAGTGTAAT,CGTT,AGTTCTCTG,AAGGAG,A,G,G,G-TCTCT,T,T,G,TTACAATAGC,H,ATTTAG,T,H,C,TAGCCCG,G,T,A,A,GT,G,T,A,T,AA,A,ATA,TCCCGACAGGTG,AAC,TTCGCCAT,GCAGTTGA,A,A,T,A,GAG,TCT,CGAAGTACC,CGACC,C,G,-AGCGA,G,A,GT,T,C,CA,TC,ATTTT,A,GCT,AC,T,A,CCTGGT,GCGGTA,GTTTCGG,TTCCT,CCAACACACAGATGTCGAG,AA,TCG,TCTTA,T,C,A,TGGCAA,C,A,CATAC,TTA,TGCT-GCTTTACGCTA,ATTG
CotognaRossano,CTTC,C,TGCTTAATCCTTCTGTCAAGGATATGCTA,TGTTC,G,TG,G,A,C,GCCTCTT,T,CC,ACACTAGA,A,A,G,A,TTA,CCCACTGAAGGAATATTAAAC,GGGGTCTA,GATTCAT,TGCAGCCC,TTT,TTT,ATTCHHHGGCCGCTAACCAAATA,H,HHGCT,H,GTCAC,T,TCGT--GA,T,AATGCC,GGCGCA,CTT-GT,T,AGATT,GGATATTTTC,TA,T,A,H,TCCGA,H,TGACG,TCATGGGA,C,AAGGTA,GAA,G,TCACCTC,C,T,TCC,C,TTTCAATC,A,T,ATTGTAAC,T,T,AC,A,T,CCTCT,TC,CT,T,G,GGCC,H,A,T,T,A,CCTTC,A,T,C,GTTATTGA,CG,C,A,T,CGCC,T,H,C,A,GTAGGGACT,T,GCGCAT,C,AT,AC,C,T,TCG,T,A,T,CCCTAGACCACGTGTAAGTGTAAT,CGTT,AGTTCTCTG,AAGGAG,A,G,G,GATCTCT,T,T,G,TTACAATAGC,G,ATTTAG,T,H,C,TAGCCCG,G,T,A,A,GT,G,-,A,T,AA,A,ATA,TCCCGACAGGTG,AAC,TTCGCCAT,GCAGTTGA,A,A,T,A,GAG,TCT,CGAAGTACC,CGACC,C,G,AAGCGA,G,A,GT,T,C,CA,TC,ATTTT,A,GCT,AC,T,A,CCTGGT,GCGGTA,GTTTCGG,TTCCT,CCAACACACAGATGTCGAG,AA,TCG,TCTTA,T,C,A,TGGCAA,C,A,CATAC,TTA,TGCTTGCTTTACGCTA,HTTG
DOFI86.395.095,HHHH,C,HHHHHHHHHHHHHHHHCAAGGAHHHHHHH,HHHHH,G,HH,H,G,H,HHHHHHC,H,HH,HHHHHHHH,A,H,H,H,HHH,HHHHHHHHHHGHHHHHHH-HH,GGCTCHCH,AHCCTGG,CATAATTT,GAG,CGC,GATTTGTHCTHATCGCTTGGGGG,T,CTAGH,H,AGHGT,T,HCHHHHHH,H,AAHGHC,HHHHHH,HACHHH,T,AGATT,GGACATTTTC,TA,T,A,H,TCCGA,H,HGHHH,THHHGHGA,H,HHHHHA,GAA,G,TCACCTC,C,T,TCC,C,TTTCAATC,A,T,ATTGTAAC,T,T,AC,G,C,TGCGC,TC,CT,T,G,GGCC,H,A,T,T,G,TGCHT,A,T,C,ACCGACCG,HH,C,H,T,HHHH,H,H,H,H,GTAHHHHTH,H,HHHHHH,H,HH,HH,H,H,CTA,H,A,H,HHHHHHACCACGTGTAAGTGHHHH,CGTT,HHHHHHHHH,HHHHHH,H,H,H,GAHHTHH,H,H,G,TTGATGTAGC,G,ATTTAG,T,H,C,TCCTGTA,C,T,A,G,GT,G,T,A,T,AA,A,ATA,TCCCAATGAACA,GTT,TTCGCTGA,GCAGTTGA,H,A,T,H,HHG,CTC,CGAAGTAAC,CGACC,G,G,GAGTGG,G,A,GT,T,C,CA,TC,ATTTT,A,TGC,AC,T,A,CCTGGT,GCGGTA,GTTTCGG,TTCCT,CCAACACACAGATGTCGAG,AA,TCG,TCTTA,T,C,H,TGGCAA,C,A,CATAC,TTA,TGCTCTTTTTACGCTA,GGCA
DOFI84.350.001,TCCT,C,CATCCGGATACCAAACCAAGGACCACACC,CACAT,G,TG,G,A,C,GCCTCTT,T,CC,ACACTAGA,A,A,G,A,TTA,CCCACTGAAGGAATATTAAAC,GGGGTCTA,GATTCAT,HGCGACCC,TTT,TGT,GACTTGTGCTGATCGCTTGGGGG,T,CTAGH,H,AGCGT,T,ACACCGCH,H,AAHGAC,ATTTTG,CACTGT,T,AGATT,GGACATTTTC,TA,T,A,H,TCCGA,H,TGACG,TCATGTGA,C,AAGGTA,GAA,G,-CACCTC,C,T,TCC,C,TTTCAATC,A,T,ATTGTAAC,T,H,HH,G,C,TGCGC,HH,HH,T,H,GGCC,H,A,T,T,G,TGCHT,A,T,C,ACCGACCG,HH,C,H,T,HHHH,H,H,H,H,GTAGGGACT,C,CCGCAT,C,AT,AC,C,T,TCG,T,C,A,GGTCAAGAGGTTGAAGGGTAAGCC,AAAG,AGTTCTGCC,TCTCCA,T,C,A,GATCTCT,T,T,G,TTGATGTAGC,G,ATTTAG,T,H,C,TCCTGTA,C,T,A,G,GT,G,T,A,T,AA,A,A--,TCCCAATGAACA,GTT,TTCGCTGA,GCAGTTGA,G,A,T,G,AGG,CTC,CGAAGTAAC,CGACC,G,G,GAGTGG,G,A,GT,T,C,CA,TC,ATTTT,A,TGC,AC,T,A,CCTGGT,GCGGTA,GTTTCGG,TTCCT,CCAACAC-CAGATGTCGAG,AA,TCG,TCTTA,T,C,T,TGGCAA,C,A,CATAC,TTA,TGCTCTTTTTACGCTA,GGCA
Mar›aDorata,CTTC,C,TGCTTAATCCTTCTGTCAAGGATATGCTA,THHHH,G,TG,G,A,H,GCCTCTH,H,HH,HHHHHAGA,H,A,G,H,TTA,CCCACTGAAGGAATATTAAAC,GGGGTCTA,GATTCAT,TGCGACCC,TTT,TGT,ATTCHHHGGCCGCTAACCAAATA,T,CTAGA,H,AGTGT,G,AGACCGCA,T,TGTTCT,ATTTTG,CACTGT,T,AGATT,GGAHHHTTTC,TA,T,A,H,TCCGA,H,TGACG,TCATGTGA,C,AAGGTA,GAA,G,TCACCTC,C,T,TCC,C,TTTCAATC,A,T,ATTGTAAC,T,H,HH,G,C,TGCGC,HH,HH,T,H,GGCC,H,A,T,T,G,TGCTT,A,T,C,ACCGACCG,CG,C,G,T,HHHH,H,H,H,H,GTAGHHHHH,C,CCGHHH,H,HH,AC,H,T,HHH,H,H,A,GGTCHAHHHHHHHHHHHGTHAGCC,AAHH,HHHHHHGCC,HHHHHH,H,H,A,HHHHHHT,H,H,G,HHGHHHHHHH,-,HHTTAH,T,H,H,HAGCCCG,C,T,A,A,GT,G,C,A,T,AA,A,ATA,TCCCGACAGGTG,AAC,TTCGCCAT,GCAGTTGA,A,A,T,A,GAG,TCT,CGAAGTACC,CGACC,C,G,GAGTGG,G,G,GT,G,C,CA,GT,CCTTT,A,TGC,AC,T,A,CCTGGT,GCGGTA,GTTTCGG,TTCCT,CCAACACACAGATGTCGAG,AA,TCG,TCTTA,T,C,T,TGGCAA,C,A,CATAC,TTA,TGCTCTTTTTACGCTA,GGCA
DOFI89.424.003,CT--,C,TGCTTAATCCTTCTGTCAAGGATATGCTA,TGTTC,G,TG,G,-,T,GCCTCTC,H,-G,ACACTAGA,A,A,G,C,TTA,CCCACTGAAGGAATATTAAAC,GGHHHHHH,HAHHHHH,CATAATTT,GAG,-G-,GATTTGT-CTCATCGCTTGGGGG,T,CTAGT,H,AGTGT,T,TCGTH--T,H,AACGAC,AHHHHH,HACHHH,T,AGATT,GGACATTTTC,TA,T,A,H,TCCGA,H,TGACG,TCATGTGA,C,AAGGTA,GAA,G,TCACCTC,C,T,TCC,C,TTTCAATC,A,-,ATTGTAAC,T,H,HH,G,C,TGCGC,HH,HH,T,H,GGCC,H,A,T,T,G,TGCHT,A,T,C,ACCGACCG,HH,C,H,T,HHHH,H,H,H,H,HHHHGGAHT,H,HHHCAT,C,AT,HH,C,H,HHH,T,H,H,HHHHAHHHHHHHHHHHHGTHHHHH,HHHH,AGTTCTHHH,HHHHHH,H,H,H,GAHHTHH,H,T,G,TTGATGTAGC,G,ATTTAG,T,H,C,TCCTGTA,C,T,A,G,GT,G,-,A,T,AA,A,ATA,TCCCAATGAACA,GTT,TTCGCTGA,GCAGTTGA,G,A,T,G,AGG,CTC,CGAAGTAAC,CGACC,G,G,GAGTGG,G,A,GT,T,C,CA,TC,ATTTT,A,TGC,AC,T,A,CCTGGT,GCGGTA,GTTTCGG,TTCCT,CCAACACACAGATGTCGAG,AA,TCG,TCTTA,T,C,T,TGGCAA,C,A,CATAC,TTA,TGCTCTTTTTACGCTA,GGCA
DOFI81.315.009,CTTC,C,TGCTTAATCCTTCTGTCAAGGATATGCTA,TGTTC,G,TG,G,A,C,GCCTCTT,T,CC,ACACTAGA,A,A,G,A,TTA,CCCA-AAGTCHHHHHHHHHHH,HHCTCHCH,HHHHHHH,HHHAHHHH,HTT,THT,HHHHHHHGHHHHHHHHHHHHHHH,H,HHHHH,H,HHCHH,T,ACHHHHHA,T,AATGCC,GGCGCA,TACCTA,T,AGATT,HHHHATCGAA,CG,T,A,H,TCCGA,H,TTGTG,ACATATGA,C,AAGGTA,GAA,G,TCACCTC,C,T,TCC,C,TTTCAATC,A,T,ATTGTAAC,T,T,AC,H,H,HHHHH,TC,CT,T,G,GGCC,H,A,T,T,H,HHHTH,A,T,C,HHHHHHHH,CG,C,A,H,HHHH,T,H,H,H,HHHHGGAHT,H,HHHCAT,C,AT,HH,C,H,HHH,T,H,H,CCCTAGACCACGTGTAAGTGHHHT,CGTT,AGTTCTCTG,AAGGAG,H,H,H,GAHHTHH,H,C,A,TTACAATAGC,G,ATTTAG,T,H,C,THHHHHH,C,T,A,H,GT,G,T,A,T,-H,A,HHH,TCCCHAHHHHHH,HHH,TTCGCHHH,GCAGTTGA,H,A,T,H,HHG,TCT,CGAAGTACC,CGACC,C,G,HAGHGH,G,H,GT,H,C,CA,HH,HHTTT,H,HHH,HH,H,H,HHHHHH,GCGGTA,HHHHHHH,TTHHH,HHHHHHHHCHHHHHHHHHH,HH,HHH,TCTHA,H,C,H,TGGCAA,C,A,HHHHH,TTA,TGCHHHHTTTACGCTA,GGCA
DOFI88.412.001,CTTC,C,TGCTTAATCCTTCTGTCAAGGATATGCTA,TGTTC,G,TG,G,A,C,GCCTCTT,T,CC,CTGTHAGA,T,A,G,A,TTA,CCCACTGAAGGAATATTAAAC,GGGGTCTA,GATTCAT,TGCGACCC,TTT,TGT,ATTCHHHG--CGCTAACCAAATA,T,CTAGA,H,AGTGT,G,AGACCGCA,T,TGTTCT,ATTTTG,CACTGT,T,AGATT,GGATGCTTTC,TA,T,A,H,TCCGA,H,TGACG,TCATGTGA,C,AAGGTA,GAA,G,TCACCTC,C,T,TCC,C,TTTCAATC,A,T,ATTGTAAC,T,T,AC,G,C,TGCGC,TC,CT,T,G,GGCC,H,A,T,T,H,TGCTT,A,T,C,ACCGACCG,CG,C,G,T,TATT,C,-,T,T,GTAGATTTC,C,CCGTGG,T,TA,AC,A,T,CTA,G,A,A,GGTCCAACCACGTGTAAGTGAGCC,--TT,GTACTCGCC,AAGGAG,A,G,A,CGCAAGT,A,C,G,AAGCAAGTAT,C,GCTTAC,T,H,T,GAGCCCG,C,T,A,A,GT,G,C,A,T,AA,A,ATA,GTT-AACAGGTG,AAC,TTCGCTGA,GCAGTTGA,G,A,T,G,AGG,CTC,CGAAGTAAC,CGACC,G,G,GAGTGG,G,A,GT,T,C,CA,TC,ATTTT,A,TGC,AC,T,A,CCTGGT,GCGGTA,GTTTCGG,TTCCT,CCAACACACAGATGTCGAG,AA,TCG,TCTTA,T,C,T,TGGCAA,C,A,CATAC,TTA,TGCTCTTTTTACGCTA,GGCA
DOFI87.404.243,TCCT,C,CATCCGGATACCAAACCAAGGACCACACC,CACAT,G,HH,H,H,C,HHHHHHH,T,CC,HHHHHHHH,A,H,H,A,HHH,HHHHHHHHHHHHHHHHH--HH,GGHHHCHA,HHHHHHH,HHHHAHHH,HHH,HGH,GAHTTGTHCTHATCGCTTGGGGG,T,CTAGH,H,AGHGT,T,HCHHHHHH,H,AAHGHC,HHHHHH,HACHHH,T,AGATT,GGACATTTTC,TA,T,A,H,TCCGA,H,HGHHH,THHHGHHA,H,HHHHHH,GAA,H,HHHHHHH,H,T,HHH,C,HHTHHHHH,A,H,HHHHHHHH,H,T,AC,G,C,TGCGC,TC,CT,T,G,GGCC,H,A,T,T,G,TGCTT,A,T,C,ACCGACCG,CG,C,H,H,TATT,H,H,T,T,HHHHHHHTH,H,HHHHHH,H,HH,HH,H,H,CTA,H,A,H,HHHH-HACCACGTGTAAGTGHHHH,CGTT,HHHHHHHHH,AAGGAG,A,G,H,HHCAHGH,A,C,G,HHGHHHHHHH,-,HHTTAH,T,H,H,HHHHHHH,C,T,A,H,GT,G,H,A,T,AA,A,ATA,HHHHAAHHHHHH,HHH,TTCGCTGA,GCHHTTGA,H,A,T,H,HHG,HHH,CGAAGTAHC,CGACC,H,G,GAGT-G,G,H,GT,H,C,CA,TC,ATTTT,A,TGC,AC,T,A,CCTGGT,GCGGTA,GTTTCGG,TTCHH,CCAACACACAGATGTCGAG,AA,TCG,TCTTA,T,C,T,TGGCAA,C,A,CATAC,TTA,TGCTCTTTTTACGCTA,GGCA
MariaLucia,HHHH,C,HHHHHHHHHHHHHHHHCAAGGAHHHHHHH,HHHHH,G,TG,G,A,C,GCCTCTT,T,CC,ACACTAGA,A,A,G,A,TTA,CCCACTGAAGGAATATTAAAC,GGGGTCTA,G-TTCAT,TGCGACCC,HTH,HGH,GAHTTGTHCTHATCGCTTGGGGG,T,CTAGH,H,AGHGT,T,HCHHHHHH,H,AAHGAC,ATTTTG,CACT-T,T,AGATT,GGACATTTTC,TA,T,A,H,TCCGA,H,HGHHH,THH-GHHA,H,HHHHHH,GAA,H,HHHHHHH,H,T,HHH,C,HHTHHHHH,A,H,HHHHHHHH,H,C,GT,G,C,TGCGC,CT,TC,T,A,GGCC,H,A,T,T,G,TGCGT,A,T,C,ACCGACCG,TA,C,A,T,CGCC,T,H,C,A,GTAHGGAHT,H,HHHCAT,C,AT,HH,C,H,HHH,T,H,H,HHHHAHHHHHHHHHHHHGTHHHHH,HHHH,AGTTCTHHH,HHHHHH,H,H,H,GAHHTHH,H,H,G,TTGATGTAGC,G,ATTTAG,T,H,C,THHHHHH,C,T,A,H,GT,G,H,A,T,AA,A,ATA,HHHHAAHHHHHH,HHH,TTCGCTGA,GCAGTTGA,G,A,T,G,AGG,CTC,CGAAGTAAC,CGACC,G,G,GAGTGG,G,A,GT,T,C,CA,TC,ATTTT,A,TGC,AC,T,A,CCTGGT,GCGGTA,GTTTCGG,TTCCT,CCAACACACAGATGTCGAG,AA,TCG,TCTTA,T,C,H,TGGCAA,C,A,CATAC,TTA,TGCTCTTTTTACGCTA,GGCA
Forastero,HHCT,C,HHHHHHHHHHHHHHHHCAAGGAHHHHHHH,HHHHH,G,TG,G,A,C,GCCTCTT,T,CC,ACACTHHH,A,H,H,A,HHH,HHHHHHHHHHGHHHHHHHHHH,GGH--CHA,HHHHHHH,HHHHAHHH,-TT,TGT,GACTTGTGCTGATCGCTTGGGGG,T,CTAGA,H,AGCGT,T,ACACCGCA,T,AATGCC,GGCGCA,TACCTA,T,AGATT,GGACATTTTC,TA,T,A,H,TCCGA,H,TGACG,TCATGTGA,C,AAGGTA,GAA,G,TCACCTC,C,T,TCC,C,TTTCAATC,A,T,ATTGTAAC,T,T,AC,G,C,TGCGC,TC,CT,T,G,GGCC,H,A,T,T,G,TGCTT,A,T,C,ACCGACCG,CG,C,H,H,TATT,H,H,T,T,HHHHHHHTH,H,HHHHHH,H,HH,HH,H,H,CTA,H,A,H,HHHHHHACCACGTGTAAGTGHHHH,CGTT,HHHHHHHHH,AAGGAG,A,G,H,HHCAHGH,A,C,H,HHHCAAHHHH,-,HHTTAH,T,H,H,HHHHHHH,C,T,A,H,GT,G,H,A,T,AA,A,ATA,HHHHAAHHHHHH,HHH,TTCGCTGA,GCAGTTGA,G,A,T,G,AGG,CTC,CGAAGTAAC,CGACC,G,G,GAGTGG,G,A,GT,T,C,CA,TC,ATTTT,A,HHH,AC,T,A,CCTGGT,GCGGTA,GTTTCGG,TTCCT,CCAACACACAGATGTCGAG,AA,TCG,TCTTA,T,C,H,TGGCAA,C,A,CATAC,TTA,TGCTCTTTTTACGCTA,GGCA
Flordaguard,HHTC,H,TGCTTAATCCTTCTGTCAAGGAHHHGCTA,HHTTH,H,HG,H,H,C,GCCTCTT,T,CC,ACACTAGA,A,A,G,A,TTA,CCCACTGAAGGAATATT-AAC,ATCTCTCG,GATTCAT,TGCAGCCC,TTT,CGC,GATTTGTTCTCATCGCTTGGGGG,T,CTAGT,H,AGTGT,T,TCGTAAGT,-,AACGAC,ATTTTG,CACTGT,T,AGATT,CCGTATCGAA,CG,T,A,H,GTGCC,H,TGGTA,TTTAGGAA,C,AAGGTA,GAA,G,TCACCTC,C,C,CCC,A,CTACGATA,-,T,ATTGTAAC,C,T,GT,A,T,CCCGC,TT,TC,C,G,TTT-,H,H,H,H,A,CCTTC,H,H,C,HHHHHCHH,HH,H,H,H,CGCC,H,H,H,A,GTAGGGACT,C,CHHCAT,C,AT,AC,C,T,TCG,T,H,A,GGTCAHACCACGTGHAHHHHHHHH,HHHH,AGTTCTHHH,HHHHHH,H,H,A,HHHHHHT,H,C,H,HHHCAA-AGH,G,ATHHHG,H,H,C,TAGCCCG,-,T,T,G,AA,G,C,G,-,AA,A,TCG,GTCCAACAGGTG,GTT,CCTTACAT,GCAGTTGT,A,A,A,G,GAA,CTC,CGAAGTACT,TAGTT,C,G,GAGTGG,T,A,GT,T,G,CA,TT,CTTTG,C,TGC,AC,T,C,CCTGTT,GCGGTA,GTTTCGG,ACATG,ATCCACGGAAGATGTCGAG,TA,TCG,ACTAA,A,A,T,HHHHHH,C,A,AT-GA,ACG,CGCTCTTTTTACGCTA,GGCA
RedGlobe,CTTC,C,TGCTTAATCCT-CTGTCAAGGATATGCTA,TGTTC,G,TG,G,A,C,GCCTCTT,T,CC,ACACTAGA,A,A,G,A,TTA,CCCACTGAAGGAATATTAAAC,GGGGTCTA,GATTCAT,TGCAGCCC,TTT,THT,HHHHHHHGHHHHHHHHHHHHHHH,H,HHHHH,H,HHHHH,T,TCGTAAGH,H,AAHGHC,HHHHHH,HACHHH,T,AGATT,GGAHHHTTTC,TA,T,A,H,TCCGA,H,TGACG,TCATGHGA,C,AAGGTA,GAA,G,TCACCTC,C,T,TCC,C,TTTCAATC,A,H,HHHHHHHH,H,H,HH,G,C,TGCGC,H-,HH,T,H,GGCC,H,A,T,T,G,TGCHT,A,T,C,ACCGACCG,HH,C,A,H,HHHH,T,H,H,H,HHHHGGAHT,H,HHHCAT,C,AT,HH,C,H,HHH,T,H,H,HHHHAHHHHHHHHHHHHGTHHHHH,HHHH,AGTTCTHHH,HHHHHH,H,H,H,GAHHTHH,H,H,H,TTHHHHTAGC,G,ATTTAG,T,H,H,TCCTGTA,C,T,A,G,GT,G,T,A,T,AA,A,ATA,TCCCAATGAACA,GTT,TTCGCTGA,GCAGTTGA,H,A,T,H,HHG,HHH,CGAAGTAHC,CGACC,H,G,GAGTGG,G,-,GT,H,C,CA,HH,HHTTT,A,HHH,AC,T,A,CCTGGT,GCGGTA,GTTTCGG,TTCCT,CCAACACACAGATGTCGAG,AA,TCG,TCTTA,T,C,H,HHHCHH,C,A,CATAC,TTA,TGCTCTTTTTACGCTA,GGCA
Flordaking,TCCT,C,CATCCGGATACCAAACCAAGGACCACACC,CACAT,G,TG,G,A,C,GCCTCTT,T,CC,ACACTAGA,A,A,G,A,TTA,CCCACTGAAGGAATATTAAAC,GGGGTCTA,G-HHHHH,HHHHAHHH,HHH,CGC,GATTTGTTCTCATCGCTTGGGGG,T,CTAGT,H,AGTGT,T,TCGTAAGT,C,AACGAC,ATTTTG,CACTGT,T,AGATT,HHHHATHHHH,HH,T,A,H,TCCGA,H,THHHG,HCATHTGH,H,HHHHTH,HHH,H,HHHHHHH,C,T,HHH,C,HTHCHATH,H,T,ATTGTAAC,T,T,AC,G,C,TGCGC,TC,CT,T,G,GGCC,H,A,T,H,H,HHHTH,H,H,C,ACCGACCG,HH,H,H,C,HHHH,H,H,T,H,HHHHGGAHT,H,HTACAT,C,AT,HH,C,H,TCG,H,A,H,GGTCAHACCACGTGHAGAAHAGCC,AAHG,HHHHHHGCC,AAGGAG,A,G,A,CGCAAGT,A,C,G,AAGCAAGHHT,H,ATHHHG,A,H,C,TAGCCCG,G,H,T,G,AA,H,C,G,A,--,H,TCG,GTHCAHCAGGTG,HHH,CCTTACAT,HCAGTTGT,H,H,H,H,GAH,HHH,HHHHHHHHT,TAGTT,H,G,GAGTGG,T,A,HH,T,H,HH,TH,HTTTH,H,TGC,AC,H,C,CCTGHT,HHHHHH,GTTTCGG,ACATG,ATCCACHHAAGATGTCGAG,TA,HHH,AHHAH,H,A,T,TGGCAA,H,A,HTCGA,ACG,CHHTHHT-HHHHHHHH,HHHH
JuneGold,HHHH,C,HHHHHHHHHHHHHHHHCAAGGAHHHHHHH,HHHHH,G,HH,-,H,C,HHHHHH-,T,CC,---HHAGA,A,A,H,A,HHH,HHHHHHHHHHHHHHHHHHHHH,GGHHHCHA,HHHHHHH,HHHHHHHH,TTT,---,HHHHHHH-HH-HHHHH--HHHHH,H,HHHGH,H,HHHHH,T,HCHHHHHH,H,AAHGHC,HHHHHH,HACHHH,T,AGATT,GGAHHHTTTC,TA,T,A,H,TCCGA,H,TGACG,TCATGHGA,C,AAGGTA,GAA,G,TCACCTC,C,T,TCC,C,TTTCAATC,A,H,HHHHHHHH,H,H,HH,G,C,TGCGC,HH,HH,T,H,GGCC,H,A,T,T,G,TGCHT,A,T,C,ACCGACCG,CG,C,A,C,TATT,T,H,T,T,ACCAGGATT,T,GTACAT,C,AT,CA,C,C,CTA,T,A,T,CCCTAGACCACGTGTAAGTGTAAT,CGTT,AGTTCTCTG,AAGGAG,A,G,G,GACATGC,A,-,H,TTHHHHTAGC,G,ATTTAG,T,H,C,THHHHHH,C,T,A,H,GT,G,H,A,T,AA,A,ATA,HHHHAAHHHHHH,HHH,TTCGCTGA,GCAGTTGA,G,A,T,G,AGG,HHH,CGAAGTA-C,CGACC,H,-,HHHTHH,G,H,GT,H,H,CA,TC,HTHHH,A,HHH,AC,T,A,CCTGGT,GCGGTA,GTTTCGG,TTCCT,HHHHHHHHCHHHHHHHHHH,H-,HHH,HCTHA,H,C,H,------,C,H,HHTAH,TTA,TGCHHHHTTTACGCTA,HHHH
MariaBianca,HHHH,C,HHHHHHHHHHHHHHHHCAAGGAHHHHHHH,HHHHH,G,-G,G,A,C,GCCTCTT,T,CC,ACACTAGA,A,A,G,A,TTA,CCCACTGAAGGAATATTAAAC,GGGGTCTA,GATTCAT,TGCGA-CC,TTT,TGT,GACTTGTGCTGATCGCTTGGGGG,T,CTAGA,H,AGCGT,T,ACACCG-A,T,AATGCC,GGCGCA,TACCTA,T,AGATT,GGACATTTTC,TA,T,A,H,TCCGA,H,TGACG,TCATGTGA,C,AAGGTA,GAA,G,TCACCTC,C,T,TCC,C,TTTCAATC,A,T,ATTGTAAC,T,T,AC,G,C,TGCGC,TC,CT,T,G,GGCC,H,A,T,T,G,TGCTT,A,T,C,ACCGACCG,CG,C,A,C,TATT,T,H,T,T,ACCAGGATT,T,GTACAT,C,AT,CA,C,C,CTA,T,A,T,CCCTAGACCACGTGTAAGTGTAAT,CGTT,AGTTCTCTG,AAGGAG,A,G,G,GHCATGC,A,C,A,TTACAATAGC,G,ATTTAG,T,H,C,TCCTGTA,C,T,A,G,GT,G,T,A,T,AA,A,ATA,TCCCAATGAACA,GTT,TTCGCTGA,GCAGTTGA,G,A,T,G,AGG,CTC,CGAAGTAAC,CGACC,-,G,GAGTGG,G,A,GT,T,C,CA,TC,ATT-T,A,TGC,AC,T,A,CCTGGT,GCGGTA,GTTTCGG,TTCCT,CCAACACACAGATGTCGAG,AA,TCG,TCTTA,T,C,T,TGGCAA,C,A,CATAC,TTA,TGCTCTTTTTACGCTA,GGCA
Flavorcreast,CTTC,H,TGCTTAATCCTTCTGTHHHHHHTAHGCTA,HHHHH,G,TG,G,A,C,GCCTCTT,T,CC,ACACTAGA,A,A,G,A,TTA,CCCACTGAAGGAATATTAAAC,GGGGTCTA,GATTCAT,TGCHHCCC,TTT,TGT,GACTTGTGCTGATCGCTTGGGGG,T,CTAGA,H,AGTGT,T,TCGT AGT,C,AACGAC,ATTTTG,CACTGT,T,AGATT,HHHHATHHHH,HH,T,A,H,TCCGA,H,TGACG,TCATGTGA,C,AAGGTA,GAA,G,TCACCTC,C,T,TCC,C,TTTCAATC,A,T,ATTGTAAC,T,T,AC,G,C,TGCGC,TC,CT,T,G,GGCC,H,A,T,T,G,TGCTT,A,T,C,ACCGACCG,CG,C,A,C,TATT,T,-,T,T,ACCAGGATT,T,GTACAT,C,AT,CA,C,C,CTA,T,A,T,CCCTAGACCACGTGTAAGTGTAAT,CGTT,AGTTCTCTG,AAGGAG,A,G,G,GACATGC,A,C,A,TTACAATAGC,G,ATTTAG,T,H,H,TCCTGTA,C,T,A,G,GT,G,T,A,T,AA,A,ATA,TCCCAATGAACA,GTT,TTCGCTGA,GCAGTTGA,G,A,T,G,AGG,CTC,CGAAGTAAC,CGACC,G,G,GAGTGG,G,A,GT,T,C,CA,TC,ATTTT,A,TGC,AC,T,A,CCTGGT,GCGGTA,GTTTCGG,TTCCT,CCAACACACAGATGTCGAG,AA,TCG,TCTTA,T,C,T,TGGCAA,C,A,CATAC,TTA,TGCTCTTTTTACGCTA,GGCA
Summerset,CTTC,C,TGCTTAATCCTTCTGTCAAGGATATGCTA,TGTTC,G,TG,G,A,-,GCCTCTT,T,CC,ACACTAGA,A,A,G,A,TTA,CCCAHHHHHHHHHHHHHHHHH,GGHHHCHA,H-HHHHH,HHHHAHHH,HHH,HGH,GAHTTGTHCTHATCGCTTGGGGG,T,CTAGT,H,AGTGT,T,TCGTAAGT,C,AAHGCC,GGCGCA,TACCTA,T,AGATT,GGACATTTTC,TA,T,A,H,TCCGA,H,TGACG,TCATGTGA,C,AAGGTA,GAA,G,TCACCTC,C,T,TCC,C,TTTCAATC,A,T,ATTGTAAC,T,T,AC,G,C,TGCGC,TC,CT,T,G,GGCC,H,A,T,T,G,TGCTT,A,T,C,ACCGACCG,CG,C,A,C,TATT,T,H,T,T,ACCAGGATT,T,GTACAT,C,AT,CA,C,C,CTA,T,A,T,CCCTAGACCACGTGTAAGTGTAAT,CGTT,AGTTCTCTG,AAGGAG,A,G,G,GACAHGH,A,C,H,HHHCAA-HHH,-,ATTTAG,T,H,C,T------,C,T,A,H,GT,G,H,A,T,AA,A,ATA,HHHHAAHHHHHH,HHH,TTCGCTGA,GCAGTTGA,G,A,T,G,AGG,CTC,CGAAGTAAC,CGACC,G,G,GAGTGG,G,A,GT,T,C,CA,TC,ATTTT,A,TGC,AC,T,A,CCTGGT,GCGGTA,GTTTCGG,TTCCT,CCAACAC-CAGATGTCGAG,AA,TCG,TCTTA,T,C,T,------,C,A,CATAC,TTA,TGCTCTTTTTACGCTA,GGCA
Sirio,CTTC,C,CATCTAATCCTTCTGTCAAGGATAAGACC,TATTT,A,CG,C,-,-,GAATTAC,A,CC,CTGTGGTT,A,G,G,C,TTA,CCCACAAAAGG-GTATTTAAA,GGHHHCHA,A-CCTGH,HHTAAHHT,GAG,HGH,GAHTTGTHCTCATCGCTTGGGGG,H,HHHGT,H,AGHGT,T,TCGTAAHH,H,AHHGHC,HHHTHH,TACCTA,T,GATAA,GGATATTTTC,HH,A,G,H,GHHCC,H,TTGTG,ACATATGA,H,HHHAHG,AGG,A,HHHHHHH,C,H,CHH,H,CHHCGAT-,-,T,GGCCCHHH,H,T,HH,H,H,CCHHT,TC,TC,T,H,-TTT,H,G,A,H,A,CCTTC,T,C,T,HCCGAHCG,TA,H,G,T,HHHH,H,H,T,H,GTAGHTHTH,C,HCGTGH,T,HH,AC,H,T,CTA,G,A,H,HHHHCAACCACGTGTAHHHGAGCC,CGTT,HHHHHHGCC,AAGGAG,A,G,A,CGCAAGT,A,C,G,AAGCAAGTAT,C,GCTTAC,T,H,T,GAGCCCG,C,T,A,A,GT,G,C,A,T,AA,A,ATA,GTTTAACAGGTG,AAC,TTCGCTGA,GCAGTTGA,G,A,T,G,AGG,CTC,CGAAGTAAC,CGACC,G,G,GAGTGG,G,A,GT,T,C,CA,TC,ATTTT,A,TGC,AC,T,A,CCTGGT,GCGGTA,GTTTCGG,TTCCT,CCAACACACAGATGTCGAG,AA,TCG,TCTTA,T,C,T,HHHHHH,C,A,CATAC,TTA,TGCTCTTTTTACGCTA,GGCA
SugarLady,HHHH,C,HHHHHHHHHHHHHHHHCAAGGAHHHHHHH,HHHHH,G,HH,H,H,C,HHHHHHH,T,CC,HHHHHHHH,A,H,H,A,HHH,HHHHHHHHHH-GGCGACTTTA,GGCTCCCA,AGCCHGG,CHHHAHHH,HHH,HGH,GAHTTGTHCTHATCGCTTGGGGG,T,CTAGH,H,AGHGT,T,HCHHHHHH,H,AAHGCC,GGCGCA,TACCTA,T,AGATT,GGACHHTTTC,TA,T,A,H,TCCGA,H,HGHHH,THHHGHHA,H,HHHHHH,GAA,H,HHHHHHH,H,T,HHH,C,HHTHHHHH,A,H,HHHHHHHH,H,H,HH,G,C,TGCGC,HH,HH,T,H,-GCC,H,A,T,T,G,TGC-T,A,T,C,ACCGACCG,HH,C,A,H,HHHH,T,H,H,H,HHHAGGATT,T,GTACAT,C,AT,CA,C,C,CTA,T,A,H,HHHHAHHHHHHHHHHHHGTHHHHH,HHHH,AGTTCTCTG,AAGGAG,A,G,G,GACATGC,A,C,A,TTACAATAGC,G,ATTTAG,T,H,C,TCCTGTA,C,T,A,G,GT,G,T,A,T,AA,A,ATA,TCCCAATGAACA,GTT,TTCGCTGA,GCAGTTGA,G,A,T,G,AGG,TCT,CGAAGTAHC,CGACC,H,G,HAGHGH,G,A,GT,T,C,CA,TC,ATTTT,A,HHH,AC,T,A,CCTGGT,GCGGTA,GTTTCGG,TTCCT,CCAACACACAGATGTCGAG,AA,TCG,TCTTA,T,C,H,TGGCAA,C,A,CATAC,TTA,TGCTCTTTTTACGCTA,GGCA
LimonMarelli,TCHH,H,HHHCHHHHHHHHHHHHHHHHHHHHAHHHH,CACAT,G,HH,H,H,C,HHHHHHH,T,CC,HHHHHHHH,A,H,H,A,HHH,HHHHHHHHHHHHHHHHHHHHH,GGHHHCHA,HHHHHHH,HHHAHHHH,HHH,THT,HHHHHHHGHHCHHHHHHHHHHHH,A,GCGHT,H,HHCHH,T,TCGTAAHH,H,HHHHHH,ATTTTG,HACHHH,T,HHHHH,GGATHHTTTC,HH,H,-,H,TCCGA,H,THHHG,HCAT-HGH,H,HHHHTH,HHH,H,HHHHHHH,C,T,HHH,C,HTHCHATH,H,T,HHHHHHAC,T,T,AC,A,T,CCHHT,TC,HH,T,G,HHHH,H,H,H,T,A,CCTTC,H,H,H,ACCGACCG,HH,H,H,T,HHHH,H,H,H,H,GTAGHHHHH,C,CCGHHH,H,HH,AC,H,T,HHH,H,H,A,GGTCHAHHHHHHHHHHHGTHAGCC,AAHH,HHHHHHGCC,HHHHHH,H,H,A,HHHHHHT,H,H,G,HHGHHHHHHH,-,HHTTAH,T,H,H,HHHHHHH,C,T,A,H,GT,G,H,A,T,AA,A,ATA,HHHHAAHHHHHH,HHH,TTCGCTGA,GHGAHHHA,G,A,H,H,HHH,CTC,CGAAGTAAC,CGACC,H,G,GAGTGG,G,A,GT,T,C,CA,TC,ATTTT,A,HHH,AC,T,A,CCTGGT,GCGGTA,GTTTCGG,TTCCT,CCAACACACAGATGTCGAG,AA,TCG,TCTTA,T,C,H,TGGCAA,C,A,CATAC,TTA,TGCTCTTTTTACGCTA,GGCA
12ED36,HHHH,C,HHHHHHHHHHHHHHHHCAAGGAHHHHHHH,HHHHH,G,TG,G,A,H,GCCTCTH,H,HH,ACACTAGA,A,A,G,H,TTA,CCCACTGAAGGAATATTAAAC,GGGGTCTA,HATTCAT,TGCGACCC,TTT,TGT,GACTTGTGCTGATCGCTTGGGGG,T,CTAGA,H,AGCGT,T,ACACCGCA,T,AATGCC,GGCGCA,TACCTA,T,AGATT,GGACATTTTC,TA,T,A,H,TCCGA,H,TGACG,TCATGTGA,C,AAGGTA,GAA,G,TCACCTC,C,T,TCC,C,TTTCAATC,A,T,HHHHHHHH,H,H,HH,G,C,TGCGC,HH,TC,T,A,GGCC,H,A,T,T,G,TGCHT,A,T,C,ACCGACCG,HH,C,A,H,HHHH,T,H,H,H,HHHHGGAHT,H,HHHCAT,C,AT,HH,C,H,TCG,H,H,H,GGTCAAHHHHHHHHHHGHTHAGCC,AAHG,HHHHHHGCC,HHHHAG,A,G,H,HHCAHGH,A,C,H,AAGCAAGTAT,C,ATTTAG,A,H,C,TAGCCCG,G,A,T,G,AA,C,C,G,A,TC,G,TCG,GTTCATCAGGTG,AAC,CCTTACAT,TC--TTGT,G,G,T,A,GAG,TCT,ACGGTCCAT,TAGTT,G,G,GAGTGG,T,A,AC,T,C,TT,TC,ATTTT,A,TGC,AC,A,C,CCTGGT,AGACCG,GTTTCGG,ACATG,ATCCACCAAAGATGTCGAG,TA,ATA,ATCAG,T,A,T,HHHHHH,T,A,CTCGA,ACG,CAATTGTCACCTAACG,ATTG
Capit·n,HHHH,C,HHHHHHHHHHHHHHHHCAAGGAHHHHHHH,HHHH-,G,HH,H,H,C,HHHHHHH,T,CC,HHHHHHHH,A,H,H,-,HHH,HHHHHHHHHHHHHHHHHHHHH,GGHHHCHA,HHHHHHH,HHHHAHHH,HHH,HGH,GAHTTGTHCTHATCGCTTGGGGG,T,CTAGH,H,AGHGT,T,HCHHHHHH,H,AAHGHC,HHHHHH,HACHHH,H,AGATT,HHHHATHHHH,HH,T,A,H,TCCGA,H,THHHG,HCATHTGH,H,HHHHTH,HHH,H,HHHHHHH,C,T,HHH,C,HTHCHATH,H,T,HHHHHHAC,T,T,AC,H,H,HHCGH,TC,HH,T,G,HHHH,H,-,H,T,H,HHHTH,H,H,H,ACCGACCG,HH,H,H,H,TATT,H,H,T,T,HHHHHHHTH,H,HHHHHH,H,HH,HH,H,H,CTA,H,A,H,HHHHHHACCACGTGTAAGTGHHHH,CGTT,HHHHHHGCC,AAGGAG,A,G,A,CGCAAGT,A,C,G,AAGCAAHTAT,C,GCTTAC,T,H,T,GAGCCCG,C,T,A,A,GT,G,C,A,T,AA,A,ATA,GTTTAACAGGTG,AAC,TTCGCTGA,GCAGTTGA,G,A,T,G,AGG,CTC,CGAAGTAAC,CGACC,G,G,GAGTGG,G,A,GT,T,C,CA,TC,ATTTT,A,TGC,AC,T,A,CCTGGT,GCGGTA,GTTTCGG,TTCCT,CCAACACACAGATGTCGAG,AA,TCG,TCTTA,T,C,T,HHHHHH,C,A,CATAC,TTA,TGCTCTTTTTACGCTA,GGCA
Fantasia,HHHH,C,HHHHHHHHHHHHHH--CAAGGAHHHHHHH,HHHHH,G,TG,G,A,H,GCCTCTH,H,HH,ACACTAGA,A,A,G,H,TTA,CCCACTGAAGGAATATT--AC,GGHHHCHH,HAHHHHH,HHHHAHHH,HHH,TGT,GAHTTGTHCTHATCGCTTGGGGG,T,CTAGH,H,AGHGT,T,HCHHHHHH,H,AAHGHC,HHHHHH,HACHHH,T,AGATT,GGACATTTTC,TA,T,A,H,TCCGA,H,TGACG,TCATGTGA,C,AAGGTA,GAA,G,TCACCTC,C,T,TCC,C,TTTCAATC,A,T,ATTGTAAC,T,H,HH,G,C,TGCGC,HH,HH,T,H,GGCC,H,A,T,T,G,TGCHT,A,T,C,ACCGACCG,HH,C,A,T,HHHH,H,H,H,H,GTAGHHHHH,C,CCGHHT,C,HH,AC,H,T,HHH,H,H,A,GGTCHAHHHHHHHHHHHGTHAGCC,AAHH,HHHHHHGCC,HHHHHH,H,H,-,HHHHHHT,H,H,G,HHGHHHHHHH,H,HHTTAH,T,H,H,HHHHHHH,C,T,A,H,GT,G,H,A,T,AA,A,ATA,HHHHAAHHHHHH,HHH,TTCGCTGA,GCAGTTGA,G,A,T,G,AGG,CTC,CGAAGTAAC,CGACC,H,G,GAGTGG,G,H,GT,H,C,CA,HH,HHTTT,A,HHH,AC,T,A,CCTGGT,GCGGTA,GTTTCGG,TTCCT,CCAACACACAGATGTCGAG,AA,TCG,TCTTA,T,C,H,TGGCAA,C,A,CATAC,TTA,TGCTCTTTTTACGCTA,GGCA
Springcrest,CTTC,H,TGCT---TCCTTCTGTHHHHHHTAHGCTA,HHHHH,G,TG,G,A,C,GCCTCTT,T,CC,ACACT---,-,-,G,-,TTA,CCCACTGAA-GAATATTAAAC,G-GGTCTA,GATTCAT,TGCGACCC,TTT,HGH,GAHTTGTHCTHATCGCTTGGGGG,T,CTAGH,H,AGHGT,T,TCGTAAGT,H,AACGAC,ATTTTG,CACTGT,T,AGATT,HHH-ATHHHH,HH,T,A,H,TCCGA,H,TGACG,TCATGTGA,C,AAGGTA,GAA,G,TCACCTC,C,T,TCC,C,TTTCAATC,A,T,ATTGTAAC,T,T,AC,G,C,TGCGC,TC,CT,T,G,GGCC,H,A,T,T,G,TGCTT,A,T,C,ACCGACCG,CG,C,A,C,TATT,T,H,T,T,ACCAGGATT,T,GTACAT,C,AT,CA,C,C,CTA,T,A,T,CCCTAGACCACGTGTAAGTGTAAT,CGTT,AGTTCTCTG,AAGGAG,A,G,G,--CATGC,A,H,H,TT-HAATAGC,G,ATTTAG,T,H,C,TCCTGTA,C,T,A,H,GT,G,T,A,T,AA,A,ATA,TCCCAATGAACA,HHH,TTCGCTGA,GCAGTTGA,G,A,T,G,AGG,CTC,CGAAGTAAC,CGACC,H,H,G--T-G,G,H,GT,H,H,CA,TC,HTHHH,A,H--,AC,T,A,CCTGG-,--GGTA,GTTTCGG,TTCHH,HHHHHHGGCHHHTGTCGAH,H-,HHH,HCTHA,H,C,H,HHHHHH,C,H,HHHHH,TTA,TGCHHHHTTTACGCTA,HHHH
Ginart,-HHH,C,HHHHHHHH-CTTCHHHCAAGGAHHHH--H,HHHHH,G,TG,H,H,C,HHH-HHH,T,CC,HHHC-HHH,A,H,H,A,HHH,HHHH--A----G-CGACTTTA,-G---CCA,-GCCTG-,-A-AAHHH,HHH,-GH,GAHTTGTHCTHA-CGCTTGGGGG,T,CTAGH,H,AGHGT,T,-CHHHHHH,H,AAHGHC,HHHHHH,HACHHH,T,AGATT,GG-CATTTTC,TA,T,A,-,TCCGA,H,TGACG,TCATGT-A,C,AAGGTA,GAA,G,TCACCTC,C,T,TC-,C,TTTCAATC,A,T,--TGTAAC,T,T,AC,G,C,TGCGC,TC,CT,T,-,GGCC,H,-,T,T,G,TGCTT,A,T,C,ACCGACCG,CG,C,A,C,TATT,T,H,T,T,ACCAGGATT,T,GTACAT,C,AT,CA,C,C,CTA,T,A,T,CCCTAGACCACGTGTAAGTGTAAT,CGTT,AGTTCTCTG,AAGGAG,A,G,G,-ACATGC,A,H,H,TTH-HHTAGC,G,ATTTAG,T,H,C,THHHHHH,C,T,A,A,GT,G,H,A,T,AA,A,ATA,HHHC--HHHHHH,AAC,TTCGCTGA,GCAGTTGA,G,A,T,G,AGG,CTC,CGAAGTAAC,CGACC,H,H,GHHTHG,G,H,GT,T,H,CA,TC,HTHHH,A,---,AC,T,A,CCTGGT,--GGTA,GTTTCGG,TTCHH,--HHHHHHCHHH---CGAH,T-,HH-,HCTHA,H,C,A,HHHHHH,C,H,HHHHH,TTA,TGCHHHHTTTACGCTA,GHHH
O'Henry,CTTC,C,TGCTTAATCCTTCTGTCAAGGATATGCTA,TGTTC,G,TG,G,A,C,GCCTCTT,T,CC,ACACTAGA,A,A,G,A,TTA,CCCAH-HHH-GHHHHHHHH-H,--CTC-CH,AGCCTGG,CA-AA-TT,GAG,CGC,GATTTGTTCTCATCGCTTGGGGG,T,CT-GT,H,AGTGT,T,TCGTAAGT,C,AACG-C,HHHHHH,HACHHT,-,AGATT,HH-HATHHHH,HH,T,A,-,TCCGA,H,TH-HG,HCAT-T-A,C,AAGGTA,GAA,G,TCACCTC,C,T,TCC,-,TTTCAATC,A,T,ATTGTAAC,T,T,AC,G,C,T-CGC,TC,CT,T,G,GGCC,H,A,T,T,G,TGCTT,A,T,C,ACCGACCG,CG,C,A,C,TATT,T,H,T,T,ACCAGGATT,T,GTACA-,-,AT,CA,C,C,CTA,T,A,T,CCCTAGACCACGTGTA-GTGTAAT,CGTT,AGTTHHCTG,AAGGAG,A,G,G,GACATGC,A,C,A,TT-CAATAGC,G,ATTTAG,T,H,C,TCCTGTA,C,T,A,G,GT,G,T,A,T,HH,A,HTA,TCCCHAH-----,HHH,TTCGCHHH,GCAGTTG-,H,A,T,H,HHG,TCT,CGAAGTAHC,CGACC,H,G,HAGHGH,G,A,GT,T,C,CA,TC,ATTTT,A,H--,AC,T,A,CCTGG-,--GG-A,GTTTC--,TTCHH,HHHHHHHHCHGATGTCGAG,H-,TCG,TCTTA,H,C,T,HHHHHH,C,A,HHHHH,TTA,TGCHHH-TTTACGCTA,GGCA
Nemaguard,C-TC,C,CATCTAATCCTTCTGTCAAGGAT-AG---,CAHHT,A,CH,C,-,-,CHHTCTC,-,CC,---THAGA,-,A,G,-,HHH,CCCAC-AAAGGG-CGAHTA-H,GGCTC-CA,-GHHHHH,TA-AACCT,GAG,T-T,GATTTGT-CTCATCGCTTGGGGG,-,CTAGT,H,AGCAC,T,TCGTAAC-,H,TATGCC,-GCHHH,CHHHH-,-,GATAA,GGATGCT-TC,CG,A,-,H,GTGCC,-,TH--H,HHHTGHGA,H,HHHHHH,HHH,G,HHHHHCT,-,-,-C-,A,CGTCGHHA,H,T,ATTGTAAC,T,T,AC,-,T,C-TC-,TT,TC,C,A,HHHH,H,A,T,A,G,TCTTC,T,-,C,ACCGA-CG,TA,T,-,C,CGCC,H,H,T,A,HTHGGGATT,-,HTACAT,-,HT,HA,C,C,HHH,T,H,A,HHHHHHACCACGTGTAAGHGHHHH,HHTH,HHHHHHHHH,AAGGAG,A,H,A,G-CAHGH,H,C,A,TTA-AATAGT,C,A-CCGG,A,H,C,TAGCCCG,C,T,A,A,AA,G,C,-,A,TC,G,T--,GT-CA-------,AAC,CCTTACAT,GCAGTTGA,G,A,T,G,AGG,CTC,CGAAGTA-C,CGACC,G,G,GAGTGG,G,A,AC,T,C,CT,TT,CT-C-,-,---,CT,T,C,TTCAT-,GCGGTA,CTTTCGG,TTATG,ATCCACCAAAGATGTCGAG,AA,TCG,-CTAA,-,C,A,HHCHHH,C,A,ATCGA,TTA,TGCC--CTTTACGCTA,-TTG
DonAgust›n,T-HH,-,HHHC---A-----A--CAAGGA--ACACC,CACAT,G,TG,G,A,C,GCCTCTT,T,CC,AC-CTAGA,A,A,G,A,TTA,CCCA--GAAGGA-TATTAAAC,GG----TA,GATTCAT,TGCGACCC,TTT,-G-,GACTTGT-CTH--CGCTTG---G,-,--AGH,H,AGHGT,T,HCHH--HH,H,A-HG-C,-GCGCA,TACCTA,T,AGATT,GGACATTTTC,TA,T,A,H,TCCGA,H,TGACG,TCA-G--A,C,AAGGTA,GAA,G,TCACCTC,C,-,-C-,C,TTTCAATC,A,T,--TGTAAC,T,T,AC,-,C,--CGC,TC,CT,T,G,GGCC,H,-,T,T,G,TGCTT,A,T,C,ACCGA-CG,C-,C,A,C,TATT,T,-,T,T,ACCAGGATT,T,G----T,C,AT,CA,C,C,HHH,H,A,T,HHHHAHACCACGTGTA-HH-HHHH,HH--,HHHHTC-HH,AAGGAG,A,G,-,--CAHGH,A,C,H,HHHCAAHHHH,H,ATTTAG,H,H,C,THHHHHH,H,H,H,G,HH,-,H,A,H,--,H,AH-,H--CAA------,-HH,HHHHHHHH,HCAG--GH,G,H,T,H,HHG,HHH,--HHHHHAH,HHHHH,G,G,-AGTGG,H,A,GH,-,C,HH,TC,ATTTT,A,TGC,AC,A,A,CCTGGT,--HHHH,GTTTCGG,HHHTG,--HHHHCA-AGA---CGAG,-A,AT-,A--AG,-,-,T,HHHHHH,-,A,CTCGA,ACG,CAAT--TCACCTAACG,-TTG
Flordastar,TCCT,C,CATC---AT----A--CAAGGAC-ACACC,CACAT,G,TG,G,A,C,GCCTCTT,T,CC,ACAC-AGA,A,A,G,A,TTA,CCCACTGAAGGA-TATTAAAC,GGGGTCTA,GATTCAT,TGCGACCC,TTT,HGH,GAHTTGTHCTHATCGCTTGGGGG,T,CTAGH,H,AGHGT,T,HCHHHHH-,H,AAHGCC,-HHHHH,HACHHA,T,AGATT,GG-CATTTTC,TA,T,A,H,TCCGA,-,TGACG,TCA-GTGA,C,AAGGTA,GAA,G,TCACCTC,C,T,-CC,C,TTTCAATC,A,T,ATTGTAAC,T,T,AC,G,C,TGCGC,HC,HH,T,H,GGCC,H,A,T,T,G,TG-TT,A,T,C,ACCGACCG,CG,C,A,C,TATT,T,H,T,T,ACCAGGATT,T,GTACAT,C,AT,CA,C,C,HHH,-,A,T,HHHHAHACCACGTGTA-HHGHHHH,HHTH,HHHHHH-HH,AAGGAG,A,G,H,-HCAHGH,A,C,H,HHHCAAHHHH,H,ATTTAG,H,H,C,THHHHHH,H,H,H,G,HH,H,H,A,H,TC,H,HHH,H--CAHHHHHHH,HTT,HHHHHHHH,TCAG--G-,G,G,T,A,GAG,TCT,ACGGTCCAT,TAGTT,G,G,GAGTGG,T,A,AC,T,C,TT,TC,ATTTT,A,TGC,AC,A,C,CCTGGT,AGACCG,GTTTCGG,ACATG,ATCC--CAAAGATGTCGAG,T-,-T-,ATCAG,-,A,T,TGGCAA,-,A,CTCGA,ACG,CAATT-TCAH------,-TTG
SummerLady,CTTC,C,TGCTTAATCCTTCTGTCAAGGATATGCTA,TGTTC,G,TG,G,A,C,GCCTCTT,T,CC,ACACTAGA,A,A,G,A,TTA,CCCACTGAAGGAATATTAAAC,GGGGTCTA,GATTCAT,TGCHHCCC,TTT,THT,HHH-HHHGHHHHHHHHHHHHHHH,H,HHHHH,H,HHCHH,T,HCHHHHHA,T,AATGCC,GGCGCA,TACCTA,T,AGATT,GGAHHHTTTC,TA,T,A,H,TCCGA,H,TGACG,TCATGH-A,C,AAGGTA,GAA,G,TCACCTC,C,T,TCC,C,TTTCAATC,A,H,HHHHHHHH,H,H,HH,G,C,TGCGC,HH,HH,T,H,GGCC,H,A,T,T,G,TGCHT,A,T,C,ACCGACCG,CG,C,A,C,TATT,T,H,T,T,ACCAGGATT,T,GTACAT,C,AT,CA,C,C,CTA,T,A,T,CCCTAGACCACGTGTAAGTGTAAT,CGTT,AGTTCTCTG,AAGGAG,A,G,G,GACATGC,A,C,A,TTACAATAGC,G,ATTTAG,T,H,C,TCCTGTA,C,T,A,G,GT,G,T,A,T,AA,A,ATA,TCCCAATGAACA,GTT,TTCGCTGA,GCAG--GA,G,A,T,G,AGG,HHH,CGAAGTAAC,CGACC,H,G,HAGHGH,G,A,GT,T,C,CA,TC,ATTTT,A,T-H,AC,T,A,CCTGGT,GCGGTA,GTTTCGG,TTCCT,CCAACACACAGATGTCGAG,AA,TCG,TCTTA,T,C,H,HHHHHH,C,A,CATAC,TTA,TGCTCTTTTTACGCTA,GGCA
DOFI89.435.011,TCCT,C,CATCCGGA-ACCAA--CAAGGAC-ACACC,CACAT,G,TG,G,A,C,GCCTCTT,T,CC,ACACTAGA,A,A,G,A,TT-,CCCACTGAAGGAATATTAAAC,GGGGTCTA,-ATTCAT,TGC-ACCC,TTT,TGT,GACTTGTGCTGATCGCTTGGGGG,T,CTAGA,H,AGCGT,T,ACACCGCA,T,AATGCC,GGCGCA,TACCTA,T,AGATT,GGACATTTTC,TA,T,A,H,TCCGA,H,TGACG,TCATGTGA,C,AAGGTA,GAA,G,TCACCTC,C,T,TCC,C,TTTCAATC,A,T,ATTGTAAC,T,T,AC,G,C,-GCGC,--,CT,T,G,GGCC,H,A,T,T,G,TGCTT,A,T,C,ACCGACCG,-G,C,G,T,TATT,-,H,T,T,GTAGA-TTC,C,CCGTG-,-,TA,--,A,T,CTA,-,A,A,GGTCCAACCACGTGTAAGTGAGCC,--TT,HH----GCC,AAGGAG,A,G,A,-GCAAGT,A,C,G,AAGC--GTAT,C,G-TTAC,T,H,-,GAGCCCG,C,T,A,A,GT,G,C,A,T,AA,A,ATA,GTTTAACAGGTG,AAC,TTCGCTGA,GCAGTTGA,G,A,T,G,AGG,CTC,CGAAGTAAC,CGACC,G,G,GAGTGG,G,A,GT,T,C,CA,TC,HTTTT,A,TGC,AC,T,A,CCTGGT,GCGGTA,GTTTCGG,TTCCT,CCAACACACAGATGTCGAG,AA,TCG,TCTTA,T,C,T,TGGCAA,C,A,CATAC,TTA,TGCTCTTTTTACGCTA,GGCA
VillaAdriana,CTTC,C,TGCTTAATCCTTCTGTCAAGGATAHGHHH,TGTTC,H,TG,G,A,H,GHHTHHH,H,CC,HHHHHAGA,H,A,G,H,TTA,CCCACHHAAHHHATATTAAAC,GGGGTCTA,GATTCAT,TGCGACCC,GAG,TTT,GATTTGTGGTCATCGCTTGGGGG,A,CTAGA,H,AGTGT,G,AGACCGCA,T,TGTTCT,ATTTTG,CACTGT,H,AGATT,GGATGCTTTC,TA,T,A,H,TCCGA,H,TGACG,TCATGGGA,C,AAGGTA,GAA,G,TCACCTC,C,T,TCC,C,TTTCAATC,A,C,GGCCCGTG,C,C,GT,G,C,TGCGC,TC,CT,T,G,GGCC,H,A,T,T,G,TGCTT,A,T,C,ACCGACCG,CG,C,G,T,TATT,C,H,T,T,GTAGA-TTC,C,CCGTGG,T,TA,AC,A,T,CTA,G,A,A,GGTCAAGAGGTTGAAGGGTAAGCC,AAAG,AGTTCTGCC,TCTCCA,T,C,A,GATCTCT,T,T,G,TTGATGTAGC,G,ATTTAG,T,H,C,TCCTGTA,C,T,A,G,GT,G,T,A,T,AA,A,ATA,TCCCAATGAACA,GTT,TTCGCTGA,GCAGTTGA,A,A,T,A,GA-,TCT,CGAAGTACC,CGACC,C,G,GAGTGG,G,G,GT,G,C,CA,GT,CCTTT,C,TGC,CT,A,C,TTCATC,GCGGTA,CAAATAC,TTATG,ATCCACGGCTAGATGACCT,TT,TCG,TCTTA,T,C,A,TGGCAA,C,A,CATAC,TTA,TGCTCTTTTTACGCTA,GGCA
Dur95ColChica,CHTC,C,TGCTTAATCCTTCHGTCAAGGATATGCTA,TGTTC,G,TG,G,A,C,GCCTCTT,T,CC,ACACTAGA,A,A,G,A,TTA,CCCAHHHHHHHHHHHHHHHHH,HHCTCHCH,HH-TCAH,THHAHHHH,H--,THT,HHHHTGTGHHHHHHHHHHHHHHG,H,HHHHH,H,HHCHH,T,HCHHHHHA,T,AATGCC,GGCGCA,TACCHA,T,AGATT,HHHHATH--H,HH,T,A,H,TCCGA,H,THHHG,HCATHHGA,C,AAGGTA,GAA,G,TCACCTC,C,T,TCC,C,TTTCAATC,A,T,ATTGTAAC,T,T,AC,G,H,HGHHH,TC,CT,T,G,GGCC,H,A,T,T,H,HHHTH,A,T,C,HTTAHHHG,CG,C,A,H,HHHH,-,H,H,H,HHCHGGAHT,H,HHHCAT,C,AT,AC,C,H,HHH,T,H,H,CCCTAGACCACGTGTAAGTGHHHT,CGTT,AGTTCTCTG,AAGGAG,H,H,H,GAHHTHH,H,C,A,TTACAATAGC,G,ATTTAG,T,H,C,THHHHHH,C,T,A,H,GT,G,T,A,T,HH,A,HHH,TCCCHAHHHHHH,HHH,TTCGCHHH,GCAGTTGA,H,A,T,H,HHG,TCT,CGAAGTACC,CGACC,C,G,HAGHGH,G,H,GT,H,C,CA,HH,CHTTT,H,HHH,HH,-,H,HHHHHH,GCGGTA,HHHHHHH,TTHHH,HHHHHHHHCHHHHHHHHHH,HH,HHH,TCTHA,H,C,H,TGGCAA,C,A,HHHHH,TTA,TGCHHHHTTTACGCTA,GGCA
Valeria,HHHH,C,HHHHHHHHHHHHHHHHCAAGGAHHHHHHH,HHHHH,G,HH,H,H,C,HHHHHHH,T,CC,HHHHHHHH,A,H,H,A,HH-,HHHHHHHHHHHGHHHHHHHHH,GGHHHCHA,HHHHHHH,HHHAHHHH,TTT,THT,HHHHHHHGHHHHHHHHHHHHHHH,H,HHHHH,H,HHCHH,T,HCHHHHHA,T,AATGCC,GGCGCA,TACCTA,T,AGATT,GGA-ATTTTC,TA,T,A,H,TCCGA,H,TGACG,TCATGHGA,C,AAGGTA,GAA,G,TCACCTC,C,T,TCC,C,TTTCAATC,A,H,HHHHHHHH,H,H,HH,G,C,TGCGC,TC,CT,T,G,GGCC,H,A,T,H,G,TGCTT,A,T,C,HHHHHHHG,HH,H,H,C,T---,T,H,T,T,ACCAGGATT,T,GTACAT,C,AT,HH,C,H,HHH,T,H,H,HHHHAHHHHHHHHHHHHGTHHHH-,HHHH,AGTTCTHHH,HHHHHH,H,H,H,GAHHTHH,H,H,H,TTHHHHTAGC,G,ATTTAG,T,H,C,TCCTGTA,C,T,A,G,GT,G,T,A,T,AA,A,ATA,TCCCAATGAACA,GTT,TTCGCTGA,GHHHHHHA,G,A,H,H,HHH,CTC,CGAAGTAAC,CGACC,H,G,HAGHGH,G,A,GT,T,C,CA,TC,ATTTT,A,HHH,AC,T,A,CCTGGT,GCGGTA,GTTTCGG,TTCCT,CCAACACACAGATGTCGAG,AA,TCG,TCTHA,H,C,T,TGGCAA,C,A,HHHHH,TTA,TGCTCTTTTTACGCTA,GGCA
EarlyJulyII,CTTC,C,TGCTTAATCCTTCTGTCAAGGATATGCTA,TGTTC,G,TG,G,A,C,GCCTCTT,T,CC,ACACTAGA,A,A,G,A,TTA,CCCACTGAAGGAATATTAAAC,GGGGTCTA,GATTCAT,TGCGACCC,TTT,TGT,GACTTGTGCTGATCGCTTGGGGH,T,CTAGA,H,AGCGT,T,ACACCGCA,T,AATGCC,GGCGCA,TACCTA,T,AGATT,GGACATTTTC,TA,T,A,H,TCCGA,H,TGACG,TCATGTGA,C,-AGGTA,GAA,G,TCACCTC,C,T,TCC,C,TTTCAATC,A,T,ATTGTAAC,T,T,AC,G,C,TGCGC,TC,CT,T,G,GGCC,H,A,T,T,G,TGCTT,A,T,C,ACCGACCG,CG,C,A,C,TATT,T,H,T,-,ACCAGGATT,T,GTACAT,C,AT,CA,C,C,CTA,T,A,T,CCCTAGACCACGTGTAAGTGTAAT,CGTT,AGTTCTCTG,AAGGAG,A,G,G,GACATGC,A,C,A,TTACAATAGC,G,ATTTAG,T,H,C,THHHHHH,C,T,A,A,GT,G,C,A,T,AA,A,ATA,GTTTAACAGGTG,AAC,TTCGCTGA,GCAGTTGA,G,A,T,G,AGG,CTC,CGAAGTAAC,CGACC,G,G,GAGTGG,G,A,GT,T,C,CA,TC,ATTTT,A,TGC,AC,T,A,CCTGGT,GCGGTA,GTTTCGG,TTCCT,CCAACACACAGATGTCGAG,AA,TCG,TCTTA,T,C,T,TGGCAA,C,A,CATAC,TTA,TGCTCTTTTTACGCTA,GGCA
30RA36S,TCCT,C,CATCCGGATACCAAACCAAGGACCACACC,CACAT,G,TG,G,A,C,GCCTCTT,T,CC,ACACTAGA,A,A,G,A,TTA,CCCACTGAAGGAATATTAAAC,GGGGTCTA,GATTCAT,TGCGACCC,TTT,TGT,GACTTGTGCTGATCGCTTGGGGG,T,CTAGA,H,AGCGT,T,ACACCGCA,T,AATGCC,GGCGCA,TACCTA,T,AGATT,GGACATTTTC,TA,T,A,H,TCCGA,H,TGACG,TCATGTGA,C,AAGGTA,GAA,G,TCACCTC,C,T,TCC,C,TTTCAATC,A,T,ATTGTAAC,T,T,AC,G,C,TGCGC,TC,CT,T,G,GGCC,H,-,T,T,G,TGCTT,A,T,C,ACCGACCG,CG,C,A,C,TATT,T,H,T,T,ACCAGGATT,T,GTACAT,C,AT,CA,C,C,CTA,T,A,T,CCCTAGACCACGTGTAAGTGTAAT,CGTT,AGTTCTCTG,AAGGAG,A,G,G,GACATGC,A,C,A,TTACAATAGC,G,ATTTAG,T,H,C,TCCTGTA,C,T,A,G,GT,G,T,A,T,AA,A,ATA,TCCCAATGAACA,GTT,TTCGCTGA,HCAGTTGH,G,H,T,H,HHG,HHH,HHHHHHHAH,HHHHH,G,G,GAGTGG,H,A,HH,T,C,HH,TC,ATTTT,A,TGC,AC,H,H,CCTGGT,HHHHHH,GTTTCGG,HHHHH,HHHHHHCAHAGATGTCGAG,HA,HHH,HHHHA,T,C,T,TGGCAA,C,A,CATAC,TTA,TGCTCTTTTTACGCTA,GGCA
Encore,HHTC,C,TGCHTAATCCTTCTGTT---HAHHHHHHH,TGTTH,H,TG,G,A,H,GCCTCTH,H,-H,ACACHAGA,H,A,G,H,TTA,CCCAHHHHHHHHHHHHHHHHH,HHCTCHCH,HHHHHHH,HAHAATTT,GAG,CGC,GATTTGTTCTCATCGCTTGGGGG,T,CTAGT,H,AG-GT,T,TCGTAAGT,C,AACGHC,HHHHHH,HACHHH,T,AGATT,GGACATTTTC,TA,T,A,H,TCCGA,H,TGACG,TCATGTGA,C,AAGGTA,GAA,G,TCACCTC,C,T,TCC,C,TTTCAATC,A,T,ATTGTAAC,T,T,AC,G,C,TGCGC,TC,CT,T,G,GGCC,H,A,T,H,G,TGCTT,H,H,H,ACCGACCG,CG,C,A,H,HHHH,T,H,H,H,HHHHGGAHT,H,GTACAT,C,AT,--,C,C,CTA,T,A,T,CCCTAGACCACGTGTAAGTGTAAT,CGTT,AGTTCTCTG,AAGGAG,A,H,H,GAHHTHH,H,H,H,TTHHHHTAGC,G,ATTTAG,T,H,C,TCCTGTA,C,T,A,G,GT,G,T,A,T,AA,A,ATA,HH-HAAHHHHHH,HH-,TTCGCTGA,GCAGTTGA,G,A,T,G,AGG,CTC,CGAAGTAAC,CGACC,-,G,GAGTGG,G,A,GT,T,C,CA,TC,ATTTT,A,TGC,AC,T,A,CCTGGT,GCGGTA,GTTTCGG,TTCCT,CCAACACACAGATGTCGAG,AA,TCG,TCTHA,H,C,T,HHHHHH,C,A,HHHHH,TTA,TGCTCTT-TTACGCTA,GGCA
MariaLaura,T-TC,A,TGCTTAATCCTTCTGTTGGAAGTA-GCTA,CACA-,G,TG,G,A,C,GCCTCTT,T,CC,ACAHHAGA,H,A,G,A,TTA,CCCACTGAAGGAATATTAAAC,GGGGTCTA,AACCTGG,TGCHGCCC,GAG,TTT,GATTTGTGGT-ATCGCTTGGGGG,A,CTAGA,H,AGCGT,T,ACGTAAGA,T,TGTTCT,AGCTCA,CTTCGT,T,AGATT,GGAHGCTTTC,TA,T,A,H,--GCC,H,CGGTA,TTTAGGAA,C,AAGGT-,GAA,G,TCACCTC,C,T,TCC,C,TTTCAATC,A,-,GGCCCGTG,C,C,GT,G,T,CCTC-,CT,CT,T,G,GGCC,H,A,T,A,G,TGCTT,A,T,C,-TTATTGA,CG,C,A,T,CGCC,T,H,C,A,GTAGGGACT,C,CCGCAT,C,AT,AC,C,T,TCG,T,-,A,GGTCAAGAGGTTGAAGGGTAAGC-,AAAG,AGTTCTCTG,TCTCCA,T,C,A,GATCTCT,T,T,G,TTGATGTAGC,G,ATTTAG,T,H,C,TAGCCCG,C,T,A,A,GT,G,T,A,T,AA,A,ATA,GTTTAACAGGTG,AAC,TTCGCTGA,GCAGTTGA,G,A,T,G,AGG,CTC,CGAAGTAAC,CGACC,C,-,GGCTAG,G,A,GT,T,C,CA,TC,ATTTT,A,GCT,AC,T,A,CCTGGT,GCGGTA,GTTTCGG,TTCCT,CCAACACACAGATGTCGAG,TT,ATA,TCTAA,A,C,A,TGGCAA,C,A,CATAC,TTA,TGCTCTTTTTACGCTA,GGCA
VillaDoria,CTTC,C,TGCTTAATCCTTCTGTCAAGGATAHGHHH,TGTT-,H,TG,G,A,H,GHCTHH-,H,CC,HHHHHAGA,H,A,G,H,TTA,CCCACHHAAHHAAHHHHAAAH,GGGGTCTA,GATTCAT,-GCGACCC,TTT,TGT,GACTTGTGCTGATCGCTTGGGGG,T,CTAGA,H,AGCGT,T,ACACCG-A,T,AATGCC,GGCGCA,TACCTA,T,AGATT,GGACATTTTC,TA,T,A,H,TCCGA,H,TGACG,TCATGTGA,C,AAGGTA,GAA,G,TCACCTC,C,T,TCC,C,TTTCAATC,A,T,ATTGTAAC,T,T,AC,G,C,TGCGC,TC,HH,T,H,GGCC,H,A,-,T,G,TGCHT,A,T,C,ACCGACCG,HH,C,H,-,HHHH,H,H,H,H,GTAGHHHHH,C,CCGHHT,C,HT,AC,H,T,HHH,T,H,A,GGTCAAGAGGTTGA-GGGTAAGCC,AAAG,AGTTCTGCC,TCTCCA,T,C,A,GATCTCT,T,T,G,TTGATGTAGC,G,ATTTAG,T,H,C,T------,C,T,A,G,GT,G,T,A,T,HH,A,ATA,TCCCAATGAACA,HTT,TTCGCTGA,GCAGTTGA,H,A,T,H,HHG,TCT,CGAAGTA-C,CGACC,C,G,HAGH-H,G,H,GT,H,C,CA,TH,HHTTT,H,HHH,HH,H,H,HHHHHH,GCGGTA,HHHHHHH,TTAHH,HHHHHHHHCHHHHHHHHHH,HH,TCG,TCTTA,T,C,A,TGGCAA,C,A,CATAC,TTA,TGCTCTTTTTACGCTA,GGCA
DOFI89.424.007,CTTC,C,TGCTTAATCCTTCTHHCAAGGATATGCTA,TGTT-,G,TG,G,-,-,GCCTCT-,-,AG,ACACTAGA,A,A,G,C,TTA,CCCACTGAAGGAATA-TAAAC,GGHHH-HH,HAHHHHH,H-HAAT--,HHH,HGH,GAHTTGTHCT-ATCGCTTGGGGG,T,CTAGH,H,AGHHT,T,HC--HHHH,H,AAH-HC,H-HHHH,HACHHH,T,AGATT,GGACATTTTC,TA,T,A,H,TCCGA,H,TGACG,TCATGTGA,C,AAGGTA,GAA,G,TCACCTC,C,T,TCC,C,TTTCAATC,A,T,ATTGTAAC,T,H,HH,G,C,TGCGC,HH,-H,T,H,GGCC,H,A,T,T,-,TGCHT,A,T,C,ACCGACCG,HH,C,H,-,HHHH,H,H,H,H,HH-HGGAHT,C,CCGCAT,C,AT,--,C,T,TCG,T,C,A,GGTCAAGAGGT----GGGTAAGCC,AAAG,AGTTCT-CC,TCTCCA,T,-,A,GATCTCT,T,T,G,TTGATGTAGC,G,ATTTAG,T,H,C,T------,C,T,A,G,GT,G,T,A,T,AA,A,ATA,--CCAATGAACA,G--,TTCGCTGA,GCAGTTGA,G,-,T,G,AGG,CTC,CGAAGTAAC,CGACC,G,-,GAGTGG,G,A,GT,T,C,CA,TC,ATTTT,A,TGC,AC,T,A,CCTGGT,GCGGTA,GTTTCGG,TTCHH,CCAACACACAGATGTCGAG,AA,T-G,TCTTA,T,C,T,TGGCAA,C,A,CATAC,TTA,TGCTCTTTTTACGCTA,GGCA
ChatoGigante,HHHH,C,HHHHHHHHHHHHHHHHCAAGGAHHHHHHH,HHHHH,G,HH,H,H,C,HHHHHHH,T,CC,HHHHHHHH,A,H,H,A,HHA,CCCA-HHHHHHHHHHHHHHHH,GGHHHCHA,-AHHHHT,THHAHCCH,HHH,THT,HHH-HHHGHHCHHHHHHHHHHHH,A,GCGHT,H,HHCHH,T,TCGTAAHA,T,AHTGCC,GGCHCA,TACCTA,T,HHHHH,GGAHATTTTC,TA,H,H,H,HCHHH,H,HHGTH,HHHHHHHA,H,GGA-CG,AGG,H,HHHHHHH,H,H,CHH,H,CGTH-HH-,H,H,-----HTG,C,H,GT,G,C,HHHHH,HH,TC,H,H,HHHH,H,H,H,T,H,HHHHH,H,-,C,-C--ACCG,TA,H,H,-,HH--,H,G,H,H,GTAGHHHHH,C,CCGHHH,H,HH,--,H,T,HHH,H,H,A,GGTCHAHHHHH----AHGTHAGCC,AAHH,HHHHHHGCC,HHHHHH,H,H,A,HHHHHHT,H,-,G,TTHH---HHH,C,HHTTAH,T,H,H,HHHHHHH,C,T,A,A,GT,G,H,A,T,AA,A,ATA,HHHHAAHHHHHH,HHH,TTCGCTGA,GH--TTHA,G,A,H,H,AGG,CTC,CGAAGTAAC,CGACC,H,G,GAGTGG,G,A,GT,T,C,CA,TC,AT-TT,A,HHH,AC,T,A,CCTGGT,GCGGTA,GTTTCGG,TTCCT,CCAACACACAGATGTCGAG,AA,T-G,TCTTA,T,C,H,HHHHHH,C,A,CATAC,TTA,TGCTCTTTTTACGCTA,GGCA
DOFI89.429.003,TCCT,C,CATCCGGA-ACCAAACCAAGGAC--CACC,CACAT,G,TG,G,A,C,GCCTCTT,T,CC,ACACTAGA,A,A,G,A,TTA,CCCACTGAAGG-ATATTAAAC,GGGGTCTA,GATTCAT,TA-AATTT,GAG,CGC,GAHTTGTHCTHATCGCTTGGGGG,T,CTAGH,H,AGHGT,T,HCHHHHHH,H,AAHGHC,H-HHHH,HACHHH,T,AGATT,GGACATTTTC,TA,T,A,H,TCCGA,H,TGACG,TCATGTGA,C,AAGGTA,GAA,G,TCACCTC,C,T,TCC,C,TTTCAATC,A,T,ATTGTAAC,T,T,AC,G,C,TGCGC,TC,CT,T,G,GGCC,H,A,T,T,G,TGCGT,A,T,C,ACCGACCG,TA,C,A,T,C---,T,H,C,A,GT-GGGACT,C,CCGCAT,C,AT,AC,C,T,TCG,T,C,A,GGTCAAGAGGTTGAAGGGTAAGCC,AA--,AGTTCTGCC,TCTCCA,T,C,A,GATCTCT,-,T,G,TTGATGTAGC,G,ATTTAG,T,H,C,TCCTGTA,C,T,A,G,GT,G,T,A,T,AA,A,ATA,TCCCAATGAACA,GTT,TTCGCTGA,GCAGTTGA,G,A,T,G,AGG,CTC,CGAAGTAAC,CGACC,G,G,GAGTGG,G,A,GT,T,C,CA,TC,ATTTT,A,TGC,AC,T,A,CCTGGT,GCGGTA,GTTTCGG,TTCCT,CCAACACACAGATGTCGAG,AA,TCG,TCTTA,T,C,A,TGGCAA,C,A,CATAC,TTA,TGCTCTTTTTACGCTA,GGCA
SeptemberLady,CTTC,C,TGCTTAATCCTTCTGTCAAGGATATGCTA,TGTTC,G,TG,G,A,C,GCCTCTT,T,CC,ACACTAGA,A,A,G,A,TTA,CCCACTGAAGG-ATATTAAAC,GGGGTCTA,GA----T,TGCGACCC,TTT,TGT,GACTTGTGCTGATCGCTTGGGGG,T,CTAGA,H,AGCGT,T,AC--CGCA,H,AACGCC,GGCGCA,HHHCHH,T,AGATT,GGAHATTTTC,TA,T,A,H,TCCGA,H,TGACG,TCATGHGA,C,AAGGTA,GAA,G,TCACCTC,C,-,TCC,C,TTTCAATC,A,T,ATTGTAAC,T,T,AC,H,H,HHHHH,TC,CT,T,G,GGCC,H,A,T,T,H,HHHTH,A,T,C,HH--HH-H,CG,C,A,H,HHHH,T,H,H,H,ACCAGGATT,-,GTACAT,C,AT,HH,C,C,CTA,T,A,T,CCCTAGACCA-HTGTAAGTGTAAT,CGTT,AGTTCTCTG,AAGGAG,A,G,G,GACATGC,A,C,A,TTACAATAGC,G,ATTTAG,T,-,C,TCCTGTA,C,T,A,G,GT,G,C,A,T,AA,A,ATA,TCCCAATGAACA,GTT,-TCGCTGA,GHAGHHHA,G,A,H,H,HHH,HHH,CGAAGTAHC,CGACC,C,H,HHHHH-,G,H,GT,T,C,CA,TC,ATTTT,A,HHH,AC,H,H,CCTGGT,HHHHHH,HHHHHHH,TTCCT,HHHHHHHHHHGATGTCGAG,HH,TCG,TCTTA,T,C,H,TGGCAA,C,A,HHHHH,TTA,TGCTCTTTTTACGCTA,GGCA
MayDiamond,HH--,C,HHHHHHHHHHHHHHHHCAAGGAHAHHHHH,HHHHH,G,HH,H,H,C,HHHHHHH,T,CC,HHHHHH--,A,-,H,A,HH-,HHHHHHHHHHHHHHHHTHHHH,HHCTC--H,AGHHHH-,-A-AATTT,---,CGC,GATTTGTTCTCATCGCTTGGGGG,T,CTAGT,H,AG-GT,T,TC--AAGT,H,AACG-C,ATTTTG,CACTGT,T,AGATT,HH-HATHHHH,HH,T,A,H,TCCGA,H,THHHG,HCATHHGA,C,AAGGTA,GAA,G,TCACCTC,C,T,TCC,C,TTTCAATC,A,T,ATTGTAAC,T,T,AC,G,C,TGCGC,TC,CT,T,G,GGCC,H,A,T,T,G,TGCTT,A,T,C,ACCGACCG,CG,C,A,C,TATT,T,-,H,T,ACCAGGATT,T,GTACAT,C,AT,CA,C,C,CTA,T,A,T,CCCTAGACCACGTGTAAGTGTAAT,CGTT,AGTTCTCTG,AAGGAG,A,G,-,GACATGC,A,C,A,TTACAATAGC,G,ATTTAG,T,H,C,TCCTGTA,C,T,A,G,GT,G,H,A,T,AA,H,ATA,TCCCAATGAAC-,GTT,TTCGCTGA,GCAGTTGA,G,A,T,G,AGG,HHH,CGAAGTAAC,CGACC,G,G,GAGTGG,G,A,GT,T,C,CA,--,ATTTT,A,TGC,AC,-,A,CCTGGT,GCGGTA,GTTTCGG,TTCCT,CCAACACACAGATGTCGAG,AA,TCG,TC-TA,T,C,T,HHHHHH,C,A,CATAC,TTA,TGCTC-TTTTACGCTA,GGCA
DOFI84.364.060,CTTC,C,TGCTTAATCCTTCTGTCAAGGATATGCTA,TGTTC,G,TG,G,A,C,GCCTCTT,T,CC,ACACTAGA,A,A,G,A,TTA,CCCACTGAAGGAATATTAAAC,GGGGTCTA,GATTCAT,TGCAGCCC,TTT,TGT,GACTTGTGCTGATCGCTTGGGGG,T,CTAGA,H,AGTGT,G,AGHHCGCA,T,AATGCC,GGCGCA,TACCTA,T,AGATT,GGATGCTTTC,TA,-,A,H,TCCGA,H,TGACG,TCATGGGA,C,AAGGTA,GAA,G,TCACCTC,C,T,TCC,C,TTTCAATC,A,T,ATTGTAAC,T,C,GT,G,C,TGCGC,CT,HH,T,A,GGCC,H,A,-,T,G,TGCTT,A,T,C,ACCGACCG,TA,C,A,T,CGCC,T,H,H,A,GTAGGGACT,C,CCGCAT,C,AT,AC,C,T,CTA,T,A,T,CCCTAGACCACGTGTAAGTGTAAT,CGTT,AGTTCTCTG,AAGGAG,A,G,G,GACATGC,A,C,A,TTACAATAGC,G,ATTTAG,T,H,C,TCCTGTA,C,T,A,G,GT,G,T,A,T,AA,A,ATA,TCCCAATGAACA,GTT,TTCGCTGA,GCAGTTGA,A,A,T,A,GAG,TCT,CGAAGTACC,CGACC,C,G,-AGTGG,G,A,GT,T,C,CA,TC,ATTTT,A,HHH,AC,T,A,CCTGGT,GCGGTA,GTTTCGG,TTCCT,CCAACACACAGATGTCGAG,AA,TCG,TCTTA,T,C,H,TGGCAA,C,A,CATAC,TTA,TGCTCTTTTTACGCTA,GGCA
SunPrince,CHTC,C,TGCTTAATCCTTCTGTCAAGGATATGCTA,TGTTC,G,TG,G,A,C,GCCTCTT,T,CC,ACAHT---,A,H,G,A,TTA,CCCACTGAAGGAATATTAAAC,GGGGTCTA,HATTCAT,TGCHHCCC,TTT,TGT,GACTTGTGCTGATCGCTTGGGGG,T,CTAGA,H,AGTGT,T,TCGTAAGT,C,AACGAC,ATTTTG,CACTGT,H,AGATT,HHHHATHHHH,HH,T,A,H,TCCGA,H,THHHG,HCATHTGH,H,HHHHTH,HHH,H,HHHHHHH,C,T,HHH,C,HTHCHATH,H,T,HHHHHHAC,T,T,AC,G,C,TGCGC,TC,CT,T,G,GGCC,H,A,T,T,G,TGCTT,A,T,C,ACCGACCG,CG,C,A,C,TATT,T,H,T,T,ACCAGGATT,T,GTACAT,C,AT,CA,C,C,CTA,T,A,T,CCCTAGACCACGTGTAAGTGTAAT,CGTT,AGTTCTCTG,AAGGAG,A,G,G,GACATGC,A,C,A,TTACAATAGC,G,ATTTAG,T,H,T,H------,C,T,A,G,GT,G,H,A,T,-H,A,ATA,HHHHAAHHHHHH,HHH,TTCGCTGA,GCAGTTGA,G,A,T,G,AGG,CTC,CGAAGTAAC,CGACC,G,G,GAGTGG,G,A,GT,T,C,CA,TC,ATTTT,A,TGC,AC,T,A,CCTGGT,GCGGTA,GTTTCGG,TTHHH,HHHHHHHHCAGATGTCGAG,AA,TCG,TCTTA,T,C,T,HHHHHH,C,A,CATAC,TTA,TGCTCTTTTTACGCTA,GGCA
MariaLuisa,HHHH,H,HHHHHHHHHHHHHHHHCAAGGAHHHHHHH,HHHHH,G,HH,H,H,C,HHHHHHH,T,CC,HHHHHHHH,A,H,H,A,HHH,HHHHHHHHHHHHHHHHHHHHH,GGHHHCHA,HHHHHHH,HHHAATTT,GAG,HGH,GAHTTGTHCTHATCGCTTGGGGG,H,HHHGT,H,AGHGT,T,TCGTAAHT,H,AACGAC,ATTTTG,HACHHH,T,HHHHH,GGAHATTTTC,HH,H,H,H,HHCHH,H,TGACG,TCATGTGA,C,AAGGTA,GAA,G,TCACCTC,C,T,TCC,C,TTTCAATC,A,T,ATTGTAAC,T,T,AC,G,C,TGCGC,TC,CT,T,G,GGCC,H,A,T,T,G,TGCTT,A,T,C,ACCGACCG,CG,C,A,C,TATT,T,H,T,T,ACCAGGATT,T,GTACAT,C,AT,CA,C,C,CTA,T,A,T,CCCTAGACCACGTGTAAGTGTAAT,CGTT,AGTTCTCTG,AAGGAG,A,G,G,GACATGC,A,C,A,TTACAATAGC,G,ATTTAG,T,H,C,TCCTGTA,C,T,A,G,GT,G,T,A,T,AA,A,ATA,HHHHAAHHHHHH,HHH,TTCGCTGA,GCAGTTGA,G,A,T,G,AGG,CTC,CGAAGTAAC,CGACC,G,G,GAGTGG,G,A,GT,T,C,CA,TC,ATTTT,A,TGC,AC,T,A,CCTGGT,GCGGTA,GTTTCGG,TTCCT,CCAACACACAGAT--CGAG,AA,TCG,TCTTA,T,C,T,TGGCAA,C,A,CATAC,TTA,TGCTCTTTTTACGCTA,GGCA
Michelini,CTTC,C,TGCTTAATCCTTCTGTCAAGGATATGCTA,TGTTC,G,TG,G,A,C,GCCTCTT,T,CC,ACACTAGA,A,A,G,A,TTA,CCCACTGAAGGAATATTAAAC,GGGGTCTA,GATTCAT,TGCHHCCC,TTT,THT,HHHHHHHGHHHHHHHHHHHHHHH,H,HHHHH,H,HHCHH,T,HCHHHHHA,T,AATGCC,GGCGCA,TACCTA,T,AGATT,GGACATTTTC,TA,T,A,H,TCCGA,H,THHHG,HCATHTGA,C,HHHHHH,HHH,G,TCACCTC,C,H,HCC,H,HHTCHATH,H,T,HHHHHAHH,H,T,HH,G,C,HHHHH,TC,HH,T,H,HHHH,H,H,H,T,-,HHHTH,H,H,H,ACCGACCG,HH,C,G,T,TATT,C,H,T,T,GTAGA-TTC,C,CCGTGG,T,TA,AC,A,T,CTA,G,A,A,GGTCCAACCACGTGTAAGTGAGCC,--TT,GTACTCGCC,AAGGAG,A,G,H,HHCAHGH,A,C,H,HHHCAAHHHH,H,HHTTAH,T,H,H,HHHHHHH,C,T,A,H,GT,G,H,A,T,AA,A,ATA,HC-CAATGAACA,GTT,TTCGCTGA,GHHHHHHA,G,A,H,H,HHH,CTC,CGAAGTAAC,CGACC,H,G,-AGHGH,G,A,GT,T,C,CA,TC,ATTTT,A,HHH,AC,T,A,CCTGGT,GCGGTA,GTTTCGG,TTCCT,CCAACACACAGATGTCGAG,AA,TCG,TCTHA,H,C,T,HHHHHH,C,A,HHHHH,TTA,TGCTCTTTTTACGCTA,GGCA
Appia,TCCT,C,CATCCGGATACCAAACCAAGGACCACACC,CACAT,G,TG,G,A,C,GCCTCTT,T,CC,ACACTAGA,A,A,G,A,TTA,CCCACTGAAGGAATATTAAAC,GGGGTCTA,GATTCAT,TGCGACCC,TTT,TGT,GACTTGT-CTGATCGCTTGGGGG,T,CTAGA,H,AGCGT,T,ACACCGCA,T,AATGCC,GGCGCA,TACCTA,T,AGATT,GGACATTTTC,TA,T,A,H,TCCGA,H,TGACG,TCATGTGA,C,AAGGTA,GAA,G,TCACCTC,C,T,TCC,C,TTTCAATC,A,T,ATTGTAAC,T,T,AC,G,C,TGCGC,TC,CT,T,G,GGCC,H,A,T,T,G,TGCTT,A,T,C,ACCGACCG,CG,C,A,C,TATT,T,H,T,T,ACCAGGATT,T,GTACAT,C,AT,CA,C,C,CTA,T,A,T,CCCTAGACCACG-GTAAGTGTAAT,CGTT,AGTTCTCTG,AAGGAG,A,G,G,GACATGC,A,C,A,TTACAATAGC,G,ATTTAG,T,H,C,TCCTGTA,C,T,A,G,GT,G,T,A,T,AA,A,ATA,TCCCAATGAACA,G-T,TTCGCTGA,GCAGTTGA,G,A,T,G,AGG,CTC,CGAAGTAAC,CGACC,-,G,GAGTGG,G,A,GT,T,C,CA,TC,ATTTT,A,TGC,AC,T,-,CCTGGT,GCGGTA,GTTTCGG,TTCCT,CCAACACACAGATGTCGAG,AA,TCG,TCTTA,T,C,T,TGGCAA,C,A,CATAC,TTA,TGCTCTTTTTACGCTA,GGCA
Angelus,TCCT,C,CATCCGGATACCAAACCAAGGACCACACC,HACAT,G,CA,C,G,C,CAAATAC,T,CC,CTGTGGTT,A,G,A,A,ACG,TAGCTAAGTCTGGCGACTTTA,GGCTCCCA,AGCCTGG,CATAATTT,GA-,CGC,GATTTGTTCTCATCGCTTGGGGG,T,CTAGT,H,AGTGT,T,TCGTAAGT,C,AACGAC,ATTTTG,CACTGT,T,AGATT,GGACATTTTC,TA,T,A,H,TCCGA,H,TGACG,TCATGGGA,C,AAGGTA,GAA,G,TCACCTC,C,T,TCC,C,TTTCAATC,A,T,ATTGTAAC,T,T,AC,G,C,TGCGC,TC,CT,T,G,GGCC,H,A,T,T,G,TGCTT,A,T,C,ACCGACCG,CG,C,A,C,TATT,T,H,T,T,ACCAGGATT,T,GTACAT,C,AT,CA,C,C,CTA,T,A,T,CCCTAGACCACGTGTAAGTGTAAT,CGT-,AGTTCTCTG,AAGGAG,A,G,G,GACATGC,A,C,A,TTACAATAGC,G,ATTTAG,T,H,C,THHHHHH,C,T,A,H,GT,G,H,A,T,AA,A,ATA,HHHHAAHHHHHH,HHH,TTCGCTGA,GCAGTTGA,G,A,T,G,AGG,CTC,CGAAGTAAC,CGACC,G,G,GAGTGG,G,A,GT,T,C,CA,TC,ATTTT,A,TGC,AC,T,A,CCTGGT,GCGGTA,GTTTCGG,TTCCT,CCAACACACAGATGTCGAG,AA,TCG,TCTTA,T,C,H,TGGCAA,C,A,CATAC,TTA,TGCTCTTTTTACGCTA,GGCA
SanPedro,HHHH,C,HHHHCGGATACCAAACCAAGGACCACACC,CACAT,G,HH,H,H,C,HHHHHHH,T,CC,HHHHHHHH,A,H,H,A,HHH,HHHHHHHHHHHHHHHHHHHHH,GGHHHCHA,HHHHHH-,HHHHAHHH,HHH,HGH,GAHTTGTHCTHATCGCTTGGGGG,T,CTAGH,-,AGHGT,T,HCHHHHHH,H,AAHGHC,HHHHHH,HACHHH,T,AGATT,GGACATTTTC,TA,T,A,H,TCCGA,H,TGACG,TCATGTGA,C,AAGGTA,GAA,G,TCACCTC,C,T,TCC,C,TTTCAATC,A,T,ATTGTAAC,T,T,AC,G,C,TGCGC,TC,CT,T,G,GGCC,H,A,T,T,G,TGCTT,A,T,C,ACCGACCG,HH,H,H,C,HHHH,T,H,T,H,AHCHGGATT,H,GHHCHT,C,AT,CA,C,C,HHH,H,A,T,HHHHAHACCACGTGTAHHHGHHHH,HHTH,HHHHHHHHH,AAGGAG,A,G,H,HHCAHGH,A,H,G,HHGHHHHHHH,H,ATTTAG,H,H,C,THHHHHH,H,H,H,H,HH,H,H,-,H,HH,H,HHH,HHHCA-HHHHHH,AAC,HHHHHHHH,HCAGTTGH,G,H,T,H,HHG,HHH,HHHHHHHAH,HHHHH,H,H,G--T-G,H,H,HH,H,H,HH,TC,HTHHH,A,HHH,AC,H,H,CCTGGT,HHHHHH,GTTTCGG,HHHTG,ATCCACHHHHHHHHHHHHH,TH,ATA,AHHAH,H,H,H,------,H,H,HTCGA,HHH,HHHHTGHTHHHHHHHH,ATTG
5LA4,CTTC,H,TGCTTAATCCTTCTGTHHHHHHTAHGCTA,HHHHH,G,TG,G,A,C,GCCTCTT,T,CC,ACACTAGA,A,A,G,A,TTA,CCCACTGAAGGAATATTAAAC,GGGGTCTA,GATTCAT,TGCGACCC,TTT,TGT,GACTTGTGCTGATCGCTTGGGGG,T,CTAGA,H,AG-GT,T,TCGTAAGT,C,AACGAC,ATTTTG,CACTGT,T,AGATT,GGACATTTTC,TA,T,A,H,TCCGA,H,TGACG,TCATGTGA,C,AAGGTA,GAA,G,TCACCTC,C,T,TCC,C,TTTCAATC,A,T,ATTGTAAC,T,T,AC,G,C,TGCGC,TC,CT,T,G,GGCC,H,A,T,T,G,TGCTT,A,T,C,ACCGACCG,HH,H,H,C,HHHH,T,H,T,H,AHCHGGATT,H,GHHCHT,C,AT,CA,C,C,HHH,H,A,T,HHHHAHACCACGTGTAHHHGHHHH,HHTH,GTACTCGCC,A-GGAG,A,G,A,CGCAAGT,A,C,G,AAGCAAHTAT,C,HHTTAH,H,H,H,HAGCCCG,H,H,H,H,HH,H,C,H,H,HH,H,HHH,GTTHAHCAGGTG,HAC,HHHHHHHH,-CAGTTGH,G,-,T,H,HHG,HHH,HHH-HHHAH,HHHHH,G,G,GAGTGG,H,A,HH,T,C,HH,TC,ATTTT,A,TGC,AC,H,H,CCTG-T,HHHHHH,GTTTCGG,HHHHH,HHHHHHCAHAGATGTCGAG,HA,HHH,HHHHH,T,H,T,HHHHHH,C,A,CATAC,TTA,TGC-CTTTTTACGCTA,GGCA
SummerPearl,HHTC,C,TGCHTAATCCTTCTGTHHHHHAHHHHHHH,TGTTH,H,TG,G,A,H,GCCTCTH,H,-H,ACACHAGA,H,A,G,H,TTA,CCCACTGAAGGAATATTAAAC,HHCTCHCH,HHHHHHH,HATHAHHH,HHH,HGH,GAHTTGTTCTCHHHHHHHHGGGG,H,CTAGT,H,AGTGT,T,TCGTAAHH,H,HAHGHC,AHHTHH,CHHHGT,T,AGATT,GGAHATTTTC,TA,T,H,H,HHHHH,H,TG-HH,THHHGHHA,H,HHHHHH,GAA,H,HHHHHHH,H,T,HHH,C,HHTHHHHH,A,H,HHHHHHHH,H,H,HH,G,C,TGCGC,TC,CT,T,G,GGCC,H,A,T,T,G,TGCTT,A,T,C,ACCGACCG,CG,C,A,H,HHHH,T,H,H,H,HHHHGGAHT,H,GTACAT,C,AT,CA,C,C,CTA,T,A,T,CCCTAGACCACGTGTAAGTGTAAT,CGTT,AGTTCTCTG,AAGGAG,A,G,G,GACATGC,A,C,A,TTACHHTAGC,G,ATTTAG,T,H,C,THHHHHH,C,T,A,H,GT,G,H,A,T,AA,A,ATA,HHHHAAHHHHHH,HHH,TTCGCTGA,GCAGTTGA,G,A,T,G,AGG,CTC,CGAAGTAAC,CGACC,G,G,GAGTGG,G,A,GT,T,C,CA,TC,ATTTT,A,TGC,AC,T,A,CCTGGT,GCGGTA,GTTTCGG,TTCCT,CCAACACACAGATGTCGAG,AA,TCG,TCTHA,H,C,T,TGGCAA,C,A,-HHHH,TTA,TGCTCTTTTTACGCTA,GGCA
RedCrest,CTTC,C,TGCTTAATCCTTCTGTCAAGGATATGCTA,TGTTC,G,TG,G,A,C,GCCTCTT,T,CC,ACACTAGA,A,A,G,A,TTA,CCCAHHHHHHHHHHHHHHHHH,HHCTCHCH,HHHHHHH,HHHAHHHH,HHH,THT,HHHHHHHGHHHHHHHHHHHHHHH,H,HHHHH,H,HHCHH,T,HCHHHHHA,T,AATGCC,GGCGCA,TACCTA,T,AGATT,HHHHATHHHH,HH,T,A,H,TCCGA,H,THHHG,HCATHHGA,C,AAGGTA,GAA,G,TCACCTC,C,T,TCC,C,TTTCAATC,A,T,ATTGTAAC,T,T,AC,G,H,HHHHH,TC,CT,T,G,GGCC,H,A,T,T,-,HHHTH,A,T,C,HHHHHHHH,CG,C,A,H,HHHH,T,H,H,H,HHHHGGAHT,H,HHHCAT,C,AT,HH,C,H,HHH,T,H,H,CCCTAGACCACGTGTAAGTGHHHT,CGTT,AGTTCTCTG,AAGGAG,H,H,H,GAHHTHH,H,C,A,TTACAATAGC,G,ATTTAG,T,H,C,THHHHHH,C,T,A,H,GT,G,T,A,T,HH,A,HHH,TCCC-AHHHHHH,HHH,TTCGCHHH,GCAGTTGA,H,A,T,H,HHG,TCT,CGAAGTACC,CGACC,C,G,HAGHGH,G,H,GT,H,C,CA,HH,HHTTT,H,HHH,CT,H,H,HHHHHH,GCGGTA,HHHHHHH,TTHHH,HHHHHHHHCHHHHHHHHHH,HH,HHH,TCTHA,H,C,H,TGGCAA,C,A,HHHHH,TTA,TGCHHHHTTTACGCTA,GGCA
85GD20,CTTC,C,TGCTTAATCCTTCTGTCAAGGATATGCTA,TGTTC,G,TG,G,A,C,GCCTCTT,T,CC,ACACTAGA,A,A,G,A,TTA,CCCAHHHHHHHAATATTAAAC,HHHHHHHH,HHHHHHH,HHHHAHHH,HHH,HGH,GAHTTGTHCTHATCGCTTGGGGG,T,CTAGH,H,AGHGT,T,HCACHHHH,H,AAHGCC,GGCGCA,TACCTA,T,AGATT,GGACATTTTC,TA,T,A,H,TCCGA,H,THHHG,HCATHTGA,C,AAGGTA,GAA,G,TCACCTC,C,T,TCC,C,TTTCAATC,A,T,ATTGTAAC,T,T,AC,G,C,TGCGC,TC,CT,T,G,GGCC,H,A,T,T,G,TGCTT,A,T,-,ACCGACCG,CG,C,A,C,TATT,T,H,T,T,ACCAGGATT,T,GTACAT,C,AT,CA,C,C,CTA,T,A,T,CCCTAGACCACGTGTAAGTGTAAT,CGTT,AGTTCTCTG,AAGGAG,A,G,G,GACATGC,A,C,A,TTACAATAGC,G,ATTTAG,T,H,C,TCCTGTA,C,T,A,G,GT,G,T,A,T,TC,A,TCG,TCCCGACAGGTG,AAC,TTCGCCAT,GCAGTTGA,A,A,T,A,GAG,TCT,CGAAGTACC,CGACC,C,G,AAGCGA,G,A,GT,T,C,CA,TC,ATTTT,A,GCT,AC,T,A,CCTGGT,GCGGTA,GTTTCGG,TTCTG,ATCCACGGCTGATGTCGAG,TT,TCG,TCTTA,A,C,T,HHHHHH,C,A,AT-GA,HTA,TGCCTGCTTTACGCTA,GGCA
Regina de Ottobre,CTTC,C,TGCTTAATCCTTCTGTCAAGGATATGCTA,-GTTC,G,TG,G,A,C,GCCTCTT,T,CC,ACACTAGA,A,A,G,A,TTA,CCCACTGAAGGAATATTAAAC,GGGGTCTA,GATTCAT,TGCAGCCC,TTT,TTT,ATTCHHHGGCCGCTAACCAAATA,A,GCGCT,H,GTCAC,T,TCGTAAGA,T,TGTTCT,ATTTTG,CACTGT,T,AGATT,GGATGCTTTC,TA,T,A,H,TCCGA,H,CGGTA,TTTAGGAA,A,GGAACG,---,A,ATCGGCT,T,T,CTT,C,CGTTH-HA,A,C,GGCCCGTG,C,C,GT,H,T,CCHHH,HH,HH,T,H,GGCC,H,A,T,T,H,HHHTH,A,T,C,HHHHHHHH,HH,C,A,T,HHHH,T,H,T,T,ACCAGGATT,T,GCGCAT,C,AT,AC,C,T,TCG,T,A,T,CCCTAGACCACGTGTAAGTGTAAT,CGTT,AGTTCTCTG,AAGGAG,A,G,G,GACATGC,A,C,A,TTACAATAGC,G,ATTTAG,T,H,C,TAGCCCG,C,T,A,G,GT,G,T,A,T,AA,A,ATA,TCCCGACAGGTG,HHH,TTCGCHHH,GHHHHHHA,H,A,H,A,GAH,HHH,CGAAGTA-C,CGACC,C,H,GHHTHG,G,G,GT,H,C,CA,HH,HHTTT,H,TGC,HH,A,C,HHHHHH,AGACCG,CAAATAC,TTCTG,ATCCACGGCTGATGTCGAG,TT,TCG,TCTTA,A,C,T,TGGCAA,C,A,ATCGA,TTA,TGCTCTTTTTACGCTA,GGCA
Legacy,HHHH,C,HHHHHHHHHHHHHHHHCAAGGAHHHHHHH,HHHHH,G,HH,H,H,C,HHHHHHH,T,CC,HHHHHHHH,A,H,H,A,HHH,HHHHHHHHHHHHHHHHHHHHH,GGHHHCHA,HHHHHHH,CATAATTT,GAG,CGC,GATTTGTTCTCATCGCTTGGGGG,T,CTAGT,H,AGTGT,T,TCGTAAGT,H,AACGAC,HHHHHH,HACHHH,T,AGATT,GGACATTTTC,TA,T,A,H,TCCGA,H,TGACG,TCATGTGA,C,AAGGTA,GAA,G,TCACCTC,C,T,TCC,C,TTTCAATC,A,T,ATTGTAAC,T,T,AC,G,C,TGCGC,TC,CT,T,G,GGCC,H,A,T,T,G,TGCTT,A,T,C,ACCGACCG,CG,C,A,C,TATT,T,H,T,T,ACCAGGATT,T,GTACAT,C,AT,CA,C,C,CTA,T,A,T,CCCTAGACCACGTGTAAGTGTAAT,CGTT,AGTTCTCTG,AAGGAG,A,G,G,GACATGC,A,C,A,TTACAATAGC,G,ATTTAG,T,H,C,TCCTGTA,C,T,A,G,GT,G,T,A,T,AA,A,ATA,TCCCAATGAACA,GTT,TTCGCTGA,GCAGTTG-,G,A,T,G,AGG,CTC,CGAAGTAAC,CGACC,G,G,G-GTGG,G,A,GT,T,C,CA,TC,ATTTT,A,TGC,AC,T,A,CCTGGT,GCGGTA,GTTTCGG,TTCCT,CCAACACACAGATGTCGAG,AA,TCG,TCTTA,T,C,T,TGGCAA,C,A,CATAC,TTA,TGCTCTTTTTACGCTA,GGCA
SP10-2,CTTC,C,TGCTTAATCCTTCTGTCAAGGATATGCTA,-GTTC,G,TG,G,A,C,GCCTCTT,T,CC,ACACTAGA,A,A,G,A,TTA,CCCACTGAAGGAATATTAAAC,GGHHHCHA,HHHHHHH,HHHHAHHH,HHH,HGH,GAHTTGTHCTHATCGCTTGGGGG,T,CTAGH,-,AGHGT,T,TCGTAAGT,C,AACGAC,ATTTTG,CACTGT,T,AGATT,GGACATTTTC,TA,T,A,H,TCCGA,H,TGACG,TCATGTGA,C,AAGGTA,GAA,G,TCACCTC,C,T,TCC,C,TTTCAATC,A,T,ATTGTAAC,T,T,AC,G,C,-GCGC,TC,CT,T,G,GGCC,H,A,T,T,G,TGCTT,A,T,C,ACCGACCG,CG,C,A,C,TATT,H,H,T,T,ACCAGGATT,T,GTACAT,C,AT,CA,C,C,CTA,T,A,T,CCCTAGACCACGTGTAAGTGTAAT,CGTT,AGTTCTCTG,AAGGAG,A,G,G,GACATGC,A,C,A,TTACAATAGC,G,ATTTAG,T,H,C,TCCTGTA,C,T,A,G,GT,G,T,A,T,AA,A,ATA,TCCCAATGAACA,GTT,TTCGCTGA,GCAGTTGA,G,A,T,G,AGG,CTC,CGAAGTAAC,CGACC,G,G,GAGTGG,G,A,GT,T,C,CA,TC,ATTTT,A,TGC,AC,T,A,CCTGGT,GCGGTA,GTTTCGG,TTCCT,CCAACACACAGATGTCGAG,AA,TCG,TCTTA,T,C,T,TGGCAA,C,A,CATAC,TTA,TGCTCTTTTTACGCTA,GGCA
19RA147,HHHH,C,HHHHHHHHHHHHHHHHHHHHHHHHAHHHH,CACAT,G,TG,G,A,C,GCH-CTT,T,CC,ACACTAGA,A,A,G,A,TTA,CCCACTGAAGGAATATTAAAC,GGGGTCTA,GATTCAT,TGCGACCC,TTT,TGT,GAHTTGTHCTHATCGCTTGGGGG,T,CTAGH,H,AGHGT,T,HCHHHHHH,H,AAHGCC,GGCGCA,TACCTA,T,AGATT,GGACATTTTC,TA,T,A,H,TCCGA,H,TGACG,TCATGTGA,C,AAGGTA,GAA,G,TCACCTC,C,T,TCC,C,TTTCAATC,A,T,ATTGTAAC,T,T,AC,G,C,TGCGC,TC,CT,T,G,GGCC,H,A,T,T,G,TGCTT,A,T,C,ACCGACCG,CG,C,A,C,TATT,T,H,T,T,ACCAGGATT,T,GTACAT,C,AT,CA,C,C,CTA,T,A,T,CCCTAGACCACGTGTAAGTGTAAT,CGTT,AGTTCTCTG,AAGGAG,A,G,G,GACATGC,A,C,A,TTACAATAGC,G,ATTTAG,T,H,C,TCCTGTA,C,T,A,G,GT,G,T,A,H,-H,H,HHH,HHHCAHHHHHHH,HHH,HHHHHHHH,TCAGTTGT,G,G,T,A,GAG,TCT,ACGGTCCAT,TAGTT,G,G,GAGTGG,T,A,AC,T,C,TT,TC,ATTTT,A,TGC,AC,A,C,CCTGGT,AGACCG,GTTTCGG,ACATG,ATCCACCAAAGATGTCGAG,TA,ATA,HHHHH,T,-,T,HHHHHH,H,A,CH--H,HHH,HHHTHHTHHHHHHHHH,HHHH
Flameprince,HHHH,C,HHHHHHHHHHHHHHHHC-AGGAHHHHHHH,HHHHH,G,TG,G,A,C,GCCTCTT,T,CC,ACACTAGA,A,A,G,A,TTA,CCCACTGAAGGAATATTAAAC,GGGGTCTA,GATTCAT,TGCAATTT,GAG,HGH,GAHTTGTHCTHATCGCTTGGGGG,T,CTAGH,H,AGHGT,T,HCHHHHHH,H,AAHGCC,GGCGCA,TACCTA,T,AGATT,GGACATTTTC,TA,T,A,H,TCCGA,H,TGACG,TCATGTGA,C,AAGGTA,GAA,G,TCACCTC,C,T,TCC,C,TTTCAATC,A,T,HHHHHHAC,T,H,HH,G,C,TGCGC,HH,HH,T,H,GGCC,H,A,T,T,G,TGCHT,A,T,C,ACCGACCG,HH,C,A,H,HHHH,T,H,H,H,HHHHGGAHT,H,HHHCAT,C,AT,HH,C,H,HHH,T,H,H,HHHHAHHHHHHHHHHHHGTHHHHH,HHHH,AGTTCTHHH,HHHHHH,H,C,A,GATCTCT,T,T,G,TTGATGTAG-,H,HHTTAH,T,H,H,HHHHHHH,C,T,A,H,GT,G,H,A,T,AA,A,ATA,HHHHAAHHHHHH,HHH,TTCGCTGA,GCAGTTGA,G,A,T,G,AGG,CTC,CGAAGTAAC,CGACC,G,G,GAG-GG,G,A,GT,T,C,CA,TC,ATTTT,A,TGC,AC,T,A,CCTGGT,GCGGTA,GTTTCGG,TTCCT,CCAACACACAGATGTCGA-,AA,TCG,TCTTA,T,C,T,HHHHHH,C,A,CATAC,TTA,TGCTCTTTTTACGCTA,GGCA
MariaAnna,CTTC,C,CATCTAATCCTTCTGTCAAGGATAAGACC,CACAT,A,CG,C,-,T,CCC-TAC,A,CC,CTGTTAGA,T,A,G,A,TTH,CCCACAAAACTGACGATTATA,GGCTCCCA,AGCCTGH,TATAACCT,GAG,TTT,GATTTGTGCTCATCGCTTGGGGG,A,CTAGT,H,AGCAC,T,TCHHAACA,H,TATGCC,AGCGCA,CACTGT,T,GATAA,GGATGCT-TC,CG,A,G,H,GTGCC,H,THGTH,HHHHGHHA,H,HHHHHH,HHH,G,HHHHHCT,T,C,-C-,A,CGTC-HHA,H,T,ATTGTAAC,T,T,AC,-,T,CCTCT,TT,TC,C,A,TTTT,H,A,T,A,G,TCTTC,T,C,C,ACCGACCG,TA,T,G,-,CGCC,T,H,T,A,ATAGG-ATT,C,GTACAT,C,TA,AA,C,C,CTA,T,A,A,GGTCCAACCACGTGTAAG-GAGCC,AATG,GTACTCGCC,AAGGAG,A,C,A,GGCAAGT,T,C,A,TTACAATAGT,C,ATCCGG,A,H,C,T-HHH-H,C,T,A,A,AA,G,C,G,A,TC,G,TCG,GTTCATCAGGTG,AAC,CCTTACAT,GCAGTTGA,G,A,T,G,AGG,CTC,CGAAGTACC,CGACC,G,G,GAGTGG,G,A,AC,T,C,CT,TT,CTACG,-,GCT,CT,T,C,TTCATC,GCGGTA,CTTTCGG,TTATG,ATCCACCAAAGATGTCGAG,AA,TCG,-CTAA,A,C,A,HHCHHH,C,A,AT-GA,TTA,TGCCTGCTTTACGCTA,ATTG
Fred,CTTC,C,TGCTTAATCCTTCT-TCAAGGATATGCTA,TGTTC,G,TG,G,A,C,GCCTCTT,T,CC,ACACTAGA,A,A,G,A,TTA,CCCACTGAAGGAATATTAAAC,GGGGTCTA,GATTCAT,TGCHHCCC,TTT,HHH,HHTHHHHHHHCHHHHHHHHHHHH,T,CTAGH,H,AGTGT,H,HHHHHHHH,H,HHHHHH,ATTTTG,CACTGT,H,AGATT,HHHTHHHHHH,HH,T,A,H,TCCGA,H,TGACG,TCATGHGA,C,AAGGTA,GAA,G,TCACCTC,C,T,TCC,C,TTTCAATC,A,T,ATTGTAAC,T,T,AC,G,H,-GHHH,TC,CT,T,G,GGCC,H,A,T,H,G,TGCTT,A,T,C,HHHHHHHH,CG,C,A,H,HHHH,T,H,H,T,HHHHGGAHT,H,HHHCAT,C,AT,HH,C,H,HHH,T,H,H,HHHHAHHHHHHHHHHAGGTHHHHH,HHHH,AGTTCTHHH,HHHHHH,H,H,H,GAHHTHH,H,T,G,TTGATGTAGC,G,ATTTAG,T,H,C,TCCTGTA,C,T,A,H,GT,G,T,A,T,HH,A,ATA,HHHHAAHHHHHH,AAC,TTCGCTGA,GCAGTTGA,G,A,T,G,AGG,CTC,CGAAGTAAC,CGACC,C,T,GGCTAG,G,G,GT,G,G,CA,TC,HTHHH,A,GCT,AC,T,A,CCTGGT,GCGGTA,GTTTCGG,TTCHH,HHHHHHHHCHHHHHHHHHH,HH,HHH,HCTHA,H,C,A,------,C,H,HHTAH,TTA,TGCHHHHTTTACGCTA,HHHH
WhiteLady,HHHH,C,HHHHHHHHHHHHHHHHCAAGGAHHHHHHH,HHHHH,G,TG,G,A,C,GCCTCTT,T,CC,ACACTAGA,A,A,G,A,TTA,CCCACTGAA-GAATATTAAAC,GGGGTCTA,GATTCAT,TGCGACCC,TTT,HGH,GAHTTGTHCTHATCGCTTGGGGG,T,CTAGH,H,AGHGT,T,HCHHHHHH,H,AAHGHC,HHHHHH,HACHHH,T,AGATT,HHHHATHHHH,HH,T,A,H,TCCGA,H,THHHG,HCATHTGH,H,HHHHTH,HHH,H,HHHHHHH,C,T,HHH,C,HTHCHATH,H,T,ATTGTAAC,T,T,AC,G,C,TGCGC,TC,CT,T,G,GGCC,H,A,T,T,G,TGCTT,A,T,C,ACCGACCG,CG,C,H,H,TATT,H,H,T,T,HHHHHHHTH,H,HHHHHH,H,HH,HH,-,-,CTA,H,A,H,HHHHHHACCACGTGTAAGTGHHHH,CGTT,HHHHHHHHH,AAGGAG,A,G,H,HHCAHGH,A,C,H,HHHCAAHHHH,H,HHTTAH,T,H,H,HHHHHHH,C,T,A,H,GT,G,H,A,T,AA,A,ATA,HHHHAATGAACA,HHH,TTCGCTGA,GCAGTTGA,G,A,T,G,AGG,CTC,CGAAGTAAC,CGACC,G,G,GAGTGG,G,A,GT,T,C,CA,TC,ATTTT,A,TGC,AC,T,A,CCTGGT,GCGGTA,GTTTCGG,TTCCT,CCAACACACAGATGTCGAG,AA,TCG,TCTTA,T,C,T,TGGCAA,C,A,CATAC,TTA,TGCTCTTTTTACGCTA,GGCA
SP13-25,CTTC,C,TGCTTAATCCTTCTGTCAAGGATATGCTA,TGTTC,G,TG,G,A,C,GCCTCTT,T,CC,ACAHTAGA,A,A,G,A,TTA,CCCACTGAAGGAATATTAAAC,GGGGTCTA,HHHHHHH,-ATAATTT,---,CGC,GATTTGTTCTCATCGCTTGGGGG,T,CTAGT,H,AGTGT,T,TCGTAAGT,C,AACGAC,ATTTTG,CACTGT,H,AGATT,CCGTATCGAA,CG,T,A,H,TCCGA,H,TTGTG,ACAT-TGG,A,---ATG,AGG,A,ATCGGCT,C,T,HHH,C,HTHCHATH,H,T,HHHHHHAC,T,T,AC,H,H,HHCGH,TC,HH,T,G,HHHH,H,H,H,T,H,HHHTH,H,H,H,ACCGACCG,HH,H,H,H,TATT,H,H,T,T,HHHHHHHTH,H,HHHHHH,H,HH,HH,H,H,CTA,-,A,H,HHHHHHACCACGTGTAAGTGHHHH,CGTT,HHHHHHHHH,AAGGAG,A,G,H,HHCAHGH,A,C,H,HHHCAAHHHH,H,HHTTAH,T,H,H,HHHHHHH,C,T,A,H,--,G,H,A,T,AA,A,ATA,HHHHAAHHHHHH,HHH,TTCGCTGA,GCAGTTGA,G,A,T,G,AGG,CTC,CGAAGTAAC,CGACC,G,G,GAGTGG,G,A,GT,T,C,CA,TC,ATTTT,A,TGC,AC,T,A,CCTGGT,GCGGTA,GTTTCGG,TTCCT,CCAACACACAGATGTCGAG,AA,TCG,TCTTA,T,C,T,HHHHHH,C,A,CATAC,TTA,TGCTCTTTTTACGCTA,GGCA
SP29-1,HHHH,C,HHHHHHHHHHHHHHHHCAAGGAHHHHHHH,HHHHH,G,TG,G,A,C,GCCTCTT,T,CC,ACACTAGA,A,A,G,A,TTA,CCCACTGAAGG-ATATTAAAC,GGHHHCHA,HHHHHHH,THHHAHHH,HHH,CGC,GATTTGTTCTCATCGCTTGGGGG,T,CTAGT,H,AGTGT,T,TCGTAAGT,H,AACGAC,HTTTTG,CACTGT,T,AGATT,HH-HATH-HC,TA,H,A,H,TCCGA,H,THHHG,HCATHTGH,H,HHG-HH,HHH,G,TCACCTC,C,H,HCC,H,HTHCHATH,H,T,AT----AC,H,T,HH,H,H,HHCGC,TH,HH,H,G,HHHH,H,H,H,H,H,HHHTH,H,H,C,ACCGACCG,HH,C,-,C,HHHH,H,H,T,H,HHHHGGAHT,H,HTACAT,C,AT,CA,C,H,HHH,T,A,H,HHHHAGACCACGTGHAHHHHHHHH,HHHH,AGTTCTHHH,AAGGAG,A,G,H,HHCAHGH,A,C,H,HHHCAAHAGH,G,ATHHHG,H,H,C,THHHHHH,H,T,H,G,HH,G,H,-,T,AA,A,HHH,HHCCAAHHHHHH,GTT,HHHHHHHH,HCAGTTGH,G,H,T,H,HHG,HHH,HHHHHHHAH,HHHHH,G,G,GAGTGG,H,A,HH,T,C,HH,TC,ATTTT,A,TGC,AC,H,H,CCTGGT,HHHHHH,GTTTCGG,HHHHH,HHHHHHCAHAGATGTCGAG,HA,HHH,HCHHH,T,H,T,HHHHHH,H,A,CHHHH,HHH,HHHTHHTHHHHHHHHH,-HHH
PieDelta,CTTC,C,TGCTTAATCCTTCTGT---HHATATGCTA,TGTTC,G,TG,H,A,C,GCCTCTT,T,CC,ACAHHAGA,H,A,G,H,TTA,CCCACTGAAGGAATATTAAAC,HHHHHHHH,GAHHHHH,TGCHHCCC,H-H,THT,GAHTTGTGHTHATCGCTTGGGGG,H,CTAGH,H,AGCGT,T,ACHHHHHA,T,THT-CH,HGCHCA,HHHCHH,T,AGATT,GGAHHHTTTC,TA,T,A,H,HH-HH,H,HGHHH,THHHGHHA,C,AAGGTA,GAA,G,TCACCTC,C,T,TCC,C,TTTCAATC,A,T,ATTGTAAC,T,T,AC,-,C,TGCGC,TC,CT,T,G,GGCC,H,A,T,H,H,TGCTT,A,T,C,-HHHHHHH,CG,C,A,H,HHHH,T,H,H,H,HHHHGGAHT,-,HHHCAT,C,AT,HH,C,H,HHH,T,H,H,HHHHAHHHHHHHHHHHHGTHHHHH,HHHH,AGTTCTHHH,HHHHHH,H,H,A,HHHHHHT,H,H,G,HHGHHHHHHH,H,HHTTAH,T,H,H,HAGCCCG,C,T,A,A,GT,G,H,A,T,AA,A,ATA,GTTTAACAGGTG,-A-,TTCGCTGA,GCAGTTGA,G,A,T,G,AGG,CTC,CGAAGTAAC,CGACC,H,-,GHHTHG,G,A,GT,T,C,CA,TC,ATTTT,A,HHH,AC,T,A,CCTGGT,GCGGTA,GTTTCGG,TTCHH,HHHHHHHHCHHHHHHHHHH,HH,HHH,HCTHA,H,C,H,TGHCAA,C,H,HHHHH,TTA,TGCHHHHTTTACGCTA,HHHH
AugustRed,HHHH,C,HHHHHHHHHHHHHHHHCAAGGAHHHHHHH,HHHHH,G,TG,G,A,C,GCCTCTT,T,CC,ACACTAGA,A,A,G,A,TTA,CCCACTGAAGGAATATTAAAC,GGGGTCTA,GATTCAT,TGCHAHHH,TTT,TGT,GACTTGTGCTGATCGCTTGGGGG,T,CTAGA,H,AGCGT,T,ACACCGCH,H,AAHGHC,HHHHHH,HACHHH,T,AGATT,GGACATTTTC,TA,T,A,H,TCCGA,H,TGACG,TCATGTGA,C,AAGGTA,GAA,G,TCACCTC,C,T,TCC,C,TTTCAATC,A,T,ATTGTAAC,T,H,HH,G,C,TGCGC,HH,HH,T,H,GGCC,H,A,T,T,G,TGCHT,A,T,C,ACCGACCG,HH,C,H,T,HHHH,H,H,H,H,GTAGHHHHH,C,CCGHHH,H,HH,AC,H,T,HHH,H,H,A,GGTCHAHHHHHHHHHHHGTHAGCC,AAHH,HHHHHHGCC,HHHHHH,H,H,A,HHHHHHT,H,H,G,HHGHHHHHHH,H,HHTTAH,T,H,H,HHHHHHH,C,T,A,H,GT,G,H,A,T,AA,A,ATA,HHHHAAHHHHHH,HHH,TTCGCTGA,GCAGTTGA,G,A,T,G,AGG,CTC,CGAAGTAAC,CGACC,G,G,GAGTGG,G,A,GT,T,C,CA,TC,ATTTT,A,TGC,AC,T,A,CCT-GT,GCGGTA,GTTTCGG,TTCCT,CCAACACACAGATGTCGAG,AA,TCG,TCTTA,T,C,T,TGGCAA,C,A,CATAC,TTA,TGCTCTTTTTACGCTA,GGCA
Gala,CTTC,H,TGCTTAATCCTTCTGTHHHHHHTAHGCTA,HHHHH,G,TG,G,A,C,GCCTCTT,T,CC,ACACTAGA,A,A,G,A,TTA,CCCACTGAAGG-ATATTAAAC,GGGGTCTA,HHHHHHH,HHHHAHHH,HHH,CGC,GATTTGTTCTCATCGCTTGGGGG,T,CTAGT,H,AGTGT,T,-CGTAAGT,C,AACGAC,ATTTTG,CACTGT,H,AGATT,HHHHATHHHH,HH,T,A,H,TCCGA,H,THHHG,HCATGHGA,C,AAGGTA,GAA,G,TCACCTC,C,T,TCC,C,TTTCAATC,A,T,ATTGTAAC,T,T,AC,G,C,TGCGC,TC,CT,T,G,GGCC,H,A,T,T,G,TGCTT,A,T,C,ACCGACCG,CG,C,A,C,TATT,T,H,T,T,ACCAGGATT,T,GTACAT,C,AT,HH,C,C,CTA,T,A,T,CCCTAGACCACGTGTAAGTGTAAT,CGTT,AGTTCTHTG,AAGGHH,H,H,H,GAHHTHH,H,H,H,TTHHHHTAGC,G,ATTTAG,T,H,C,TCCTGTA,C,T,A,G,GT,G,H,A,T,AA,A,ATA,HHHHAAHHHHHH,HHH,TTCGCTGA,GCAGTTGA,G,A,-,G,AGG,CTC,CGAAGTAAC,CGACC,G,G,GAGTGG,G,A,GT,T,C,CA,TC,ATTTT,A,TGC,AC,T,A,CCTGGT,GCGGTA,GTTTCGG,TTCCT,CCAA--CACAGATGTCGAG,AA,TCG,TCTTA,T,C,T,HHHHHH,C,A,CATAC,TTA,TGCTCTTTTTACGCTA,GGCA
DuchessaD'este,CTTC,C,TGCTTAATCCTTCTGTCAAGGATATGCTA,TGTTC,G,TG,G,A,C,GCCTCTT,T,CC,ACACTAGA,A,A,G,A,TTA,CCCACTGAAGGAATATTAAAC,GGGGTCTA,GATTCAT,TGCHHCCC,TTT,TGT,GACTTGTGCTGATCGCTTGGGGG,T,CTAGA,H,AGHGT,H,AHACCGCA,T,AATGCC,GGCGCA,TACCHH,T,AGATT,GGAHHHTTTC,TA,T,A,H,TCCGA,H,TGACG,TCATGHGA,C,AAGGTA,GAA,G,TCACCTC,C,T,TCC,C,TTTCAATC,A,T,ATTGTAAC,T,C,HH,G,C,TGCG-,HH,HH,T,H,GGCC,H,A,T,T,G,TGCTT,A,T,C,ACCGACCG,HH,C,A,H,HHHH,T,H,H,H,HHHAGGATT,T,GTACAT,C,AT,CA,C,C,CTA,T,A,T,CCCHAGACCACGTGTAAGTGTAAT,CGTT,AGTTCTCTG,HHHHHG,A,H,G,GHCATGC,A,C,H,HTHCHHTHHH,H,AHHHHG,H,H,C,THHHHHH,C,T,A,G,GT,G,T,A,T,AA,A,ATA,THHHAAHHHHHH,HHH,TTCGCTGA,GCAGTTGA,H,A,T,H,HHG,HHH,CGAAGTAHC,CGACC,H,G,HAGHGH,G,A,GT,T,C,CA,TC,ATTTT,A,HHH,AC,T,A,CCTGGT,GCGGTA,GTTTCGG,TTCCT,CCAACACACAGATGTCGAG,AA,TCG,TCTTA,T,C,H,TGGCAA,C,A,CATAC,TTA,TGCTCTTTTTACGCTA,GGCA
Lara,HHHH,C,HHHHHHHHHHHHHHHHCAAGGAHHHHHHH,HHHHH,G,TG,G,A,C,GCCTCTT,T,CC,ACACTAGA,A,A,G,A,TTA,CCCACTGAAGGAATATTAAAC,GGGGTCTA,GATTCAT,TGC-ACCC,TTT,TGT,GACTTGTGCTGATCGCTTGGGGG,T,CTAGH,H,AGCGT,T,ACACCG-A,T,AATGCC,GGCGCA,TACCTA,T,AGATT,GGACATTTTC,TA,T,A,H,TCCGA,H,TGACG,TCATGTGA,C,AAGGTA,GAA,G,TCACCTC,C,H,TCC,C,TTTCAATC,A,H,HHHHHHHH,H,H,HH,G,C,TGCGC,HH,HH,T,H,GGCC,H,H,T,T,H,HHHT-,A,T,C,HHHHHHHH,CG,C,A,H,HHHH,T,H,H,H,HHHHGGAHT,H,HTACAT,C,AT,HH,C,H,HHH,T,A,H,HHHHAGACCAC-TGHAHHHHHHHH,HHHH,AGTTCTHHH,AAGGAG,A,G,H,HHCAHGH,A,C,H,AAGCAAGHHT,H,ATHHHG,A,H,C,TAGCCCG,G,H,T,G,AA,H,C,G,A,HH,H,TCG,GTHCAHCAGGTG,HHH,CCTTACAT,HCAGTTGT,H,H,H,H,-AH,HHH,HHH-HHHHT,TAGTT,H,G,GHGTGG,T,A,HH,T,H,HH,TH,HTTTH,H,TGC,AC,H,C,CCTGHT,GCHHHH,GTTTCGG,ACATG,ATCCACHHAAGATGTCGAG,TA,HHH,AHHAH,H,A,T,HHHHHH,H,A,HTHHA,ACG,C-HTHHT-HHHHHHHH,HHHH
Tropicsnow,HHHH,C,HHHHHHHHHHHHHHHHCAAGGAHHHHHHH,HHHHH,G,TG,G,A,C,GCC-CTT,T,CC,ACACTAGA,A,A,G,A,TTA,CCCACTGAAGGAATATTAAAC,GGGGTCTA,GATTCAT,TGCGAHCC,TTT,HGH,GAHTTGTHCTHATCGCT-GGGGG,T,CTAGH,H,AGHGT,T,HCHHHHHH,H,AAHGHC,HHHHHH,HACHHH,T,AGATT,HHHHATHTTC,TA,H,A,H,TCCGA,H,THHHG,HCATHTGH,H,HHGGHH,HHH,G,TCACCTC,C,H,HCC,H,HTHCHATH,H,H,HHHHHHHH,C,H,GT,H,H,HHCGC,HT,TC,H,H,HHHH,H,G,H,H,A,CCTTC,H,H,C,HHHHHHHH,HH,H,H,H,CGCC,H,H,H,A,HHHHGGAHT,H,HTACAT,C,AT,CA,C,H,HHH,T,A,H,HHHHAGACCACG-GHAHHHHHHHH,HHHH,AGTTCTHHH,AAGGAG,A,G,H,HHCAHGH,A,C,H,AAGCAAGHHT,H,ATHHHG,A,H,C,TAGCCCG,G,H,T,G,AA,H,C,G,A,HH,H,TCG,GTHCA-H-H---,HHH,CCTTACAT,HCAGTTGT,H,H,H,H,GAH,HHH,HHHHHHHHT,TAGTT,H,G,GAGT-G,T,A,HH,T,H,HH,TH,HTTTH,H,TGC,AC,H,C,CCTGHT,HHHHHH,GTTTCGG,ACATG,ATCCACHHAAGATGTCGAG,TA,HHH,AHHAH,H,A,T,HHHHHH,H,A,HTCGA,ACG,CHHTHHTHHHHHHHHH,HHHH
KurakataWase,CTTC,C,TGCTTAATCCTTCTGTCAAGGATATGCTA,TGTTC,G,TG,G,A,C,GCCTCTT,T,CC,ACACTAGA,A,A,G,A,TTA,CCCACTGAAGGAATATTAAAC,GGGGTCTA,GATTCAT,TGCHHCCC,TTT,THT,HHHTHHHGHHHHHHHHHHHHHHH,H,HHHHH,H,HHCHH,T,HCHHHHHH,H,AAHGHC,HHHHHH,TACCTA,H,HHHHH,GGAHATTTTC,HH,H,H,H,HHCHH,H,THHCG,HCATHTGA,C,HHHHHH,HHH,G,TCACCTC,C,H,HCC,H,HHTCHATH,H,T,HHHHHAHH,H,T,HH,G,C,HHHHH,TC,HH,T,H,HHHH,H,H,H,H,H,HHHTH,H,H,H,HCCGACCG,HH,C,H,C,HHHH,T,H,T,H,HHHHGGATT,H,GHHHHT,H,AT,HH,C,H,CTA,H,A,T,CCCTHHACCACGTGTAHHHGHHHH,CGTT,AGTTCTHHH,AAGGAG,A,G,H,HHCAHGH,A,C,H,TTACAA-AGH,H,ATHHHG,H,H,H,HHHHHHH,C,T,A,H,GT,G,H,A,T,AA,A,ATA,HHHHAAHHHHHH,HHH,TTCGCTGA,GCAGTTGA,G,A,T,G,AGG,HHH,CGAAGTAHC,CGACC,G,G,HAGHGH,G,A,GT,T,C,CA,TC,ATTTT,A,HHH,AC,T,A,CCTGGT,GCGGTA,GTTTCGG,TTCCT,CCAACACACAGATGTCGAG,AA,TCG,TCTTA,T,C,H,HHHHHH,C,A,CATAC,TTA,TGCTCTT-TTACGCTA,HGCA
MariaReggina,CTTC,C,TGCTTAATCCTTCTGTCAAGGATATGCTA,TGTTC,G,TG,G,A,C,GCCTCTT,T,CC,ACACTAGA,A,A,G,A,TTA,CCCACTGAAGGAATATTAAAC,GGGGTCTA,GATTCAT,TGCGACCC,TTT,TGT,GACTTGTGCTGATCGCTTGGGGG,T,CTAGA,H,AGCGT,T,ACACCGCA,T,-ATGCC,GGCGCA,TACC-A,T,AGATT,GGAHATTTTC,TA,T,A,H,TCCGA,H,HGHHH,THHHGHHA,H,HHHHHH,GAA,H,HHHHHHH,H,T,HHH,C,HHTHHHHH,A,H,--HHHHHH,H,H,HH,G,H,HHHHH,TC,CT,T,G,GGCC,H,A,T,T,-,HHHTH,A,T,C,AHHHHHH-,CG,C,H,T,TATT,C,H,T,T,GTAGA-TTC,T,CCGTGG,T,T-,AC,A,T,CTA,G,A,A,GGTC-AACCACGTGTAAGTGAGCC,--TT,GTACHHGCC,AAGGAG,A,G,-,CGCAAGT,A,C,G,AAGCAAHTAT,C,GCTTAC,T,H,H,GAGCCCG,C,T,A,A,GT,G,C,A,T,AA,A,ATA,GTTTAACAGGTG,AAC,TTCGCTGA,GCAGTTGA,G,A,T,G,AGG,CTC,CGAAGTAAC,CGACC,G,G,GAGTGG,G,-,GT,T,C,CA,TC,ATTTT,A,TGC,AC,T,A,CCTGGT,GHGGTA,GTTTCGG,TTCCT,CCAACACACAGATGTCGAG,AA,TCG,TCTTA,T,C,H,TGGCAA,C,A,CATAC,TTA,TGCTCTTTTTACGCTA,GGCA
LateDwarf,CTTC,C,TGCTTAATCCTTCTGTCAAGGATATGCTA,TGTTC,G,TG,G,A,C,GCCTCTT,T,CC,ACACTAGA,A,A,G,A,TTA,CCCACTGAAGGAATATTAAAC,GGGGTCTA,GATTCAT,TGCGACCC,TTT,TGT,GACTTGTGCT-ATCGCTTGGGGG,T,CTAGA,H,AGCGT,T,-CACCGCA,T,AATGCC,GGCGCA,TACCTA,T,AGATT,GGACATTTTC,TA,T,A,H,TCCGA,H,TGACG,TCATGTGA,C,AAGGTA,GAA,G,TCACCTC,C,T,TCC,C,TTTCAATC,A,T,ATTGTAAC,T,T,AC,G,C,TGCGC,TC,CT,T,G,GGCC,H,A,T,T,G,TGCTT,A,T,C,ACCGACCG,CG,C,A,C,TATT,T,H,T,T,ACCAGGATT,T,GTACAT,C,AT,CA,C,C,CTA,T,A,T,CCCTAGACCACGTGTAAGTGTAAT,CGTT,AGTTCTCTG,AAGGAG,A,G,G,GACATGC,A,C,A,TTACAATAGC,G,ATTTAH,T,H,C,THHHHHH,C,T,A,H,GT,G,H,A,T,AA,A,ATA,HHHHAAHHHHHH,HHH,TTCGCTGA,GCAGTTGA,G,A,T,G,AGG,CTC,CGAAGTAAC,CGACC,G,G,GAGTGG,G,A,GT,T,C,CA,TC,ATTTT,A,TGC,AC,T,A,CCTGGT,GCGGTA,GTTTCGG,TTCCT,CCAACACACAGATGTCGAG,AA,TCG,TCTTA,T,C,T,HHHHHH,C,A,CATAC,TTA,TGCTCTTTTTACGCTA,GGCA
MariaDelizia,CTTC,C,TGCTTAATCCTTCTGTCAAGGATATGCTA,TGTTC,G,TG,G,A,C,GCCTCTT,T,CC,ACACTAGA,A,A,G,A,TTA,CCCACTGAAGGAATATTAAAC,GGGGTCTA,GATTCAT,TGCAGCCC,TTT,TGT,GACTTGTGCTGATCGCTTGGGGG,T,CTAGA,H,AGTGT,G,AGACCGCA,T,AATGCC,GGCGCA,TACC-A,T,AGATT,GGAT-HTTTC,TA,T,A,H,TCCGA,H,TGACG,TCATGGGA,H,AAGGTA,GAA,G,TCACCTC,C,T,TCC,C,TTTCAATC,A,T,ATTGTAAC,T,C,GT,G,C,TGCGC,CT,TC,T,A,GGCC,H,A,T,T,G,TGCTT,A,T,C,ACCGACCG,TA,C,A,T,CGCC,T,H,C,A,GTAGGGACT,C,CCGCAT,C,AT,AC,C,T,CTA,T,A,T,CCCTAGACCACGTGTAAGTGTAAT,CGTT,AGTTCTCTG,AAGGAG,A,G,G,GACATGC,A,C,A,TTACAATAGC,G,ATTTAG,T,H,C,TCCTGTA,C,T,A,G,GT,G,T,A,T,AA,A,ATA,TCCCAATGAACA,GTT,TTCGCTGA,GCAGTTGA,A,A,T,A,GAG,TCT,CGAAGTACC,CGACC,C,G,GAGTGG,G,A,GT,T,C,CA,TC,ATTTT,A,TGC,AC,T,A,CCTGGT,GCGGTA,GTTTCGG,TTCCT,CCAACACACAGATGTCGAG,AA,TCG,TCTTA,T,C,T,TGGCAA,C,A,CATAC,TTA,TGCTCTTTTTACGCTA,GGCA
Sunraycer,HHHH,C,TGCTTAAHHCTTCTGTCAAGGATATGHHH,HHTTH,H,HH,H,A,H,HHHHCTT,H,CC,CTGCTAGA,A,A,G,A,ACA,CCCACTGAAGTGGCGACTAAA,GGGGTCCA,HATTCA-,TGCHHCCC,TTT,THT,HHHHHHHGHHHHHHHHHHHHHHH,-,-HHHH,H,HHCHH,T,HCHHHHHA,T,AATGCC,GHHHHH,HACHHH,T,AGATT,GGACATTTTC,TA,T,A,H,TCCGA,H,TGACG,TCATGTGA,C,AAGGTA,GAA,G,TCACCTC,C,T,TCC,C,TTTCAATC,A,C,GGCCCGTG,C,C,GT,G,C,TGCGC,CT,TC,T,A,GGCC,H,H,T,T,A,CCTTC,A,T,C,-TTATTGA,CG,C,A,T,CGCC,T,H,H,A,GTAGGGACT,C,CCGCAT,C,AT,AC,C,T,TCG,T,C,A,GGTCAAACCACGTGTAAGTGTAAT,CGTT,AGTTCTCTG,T-TCCA,T,C,A,GATCTCT,T,C,A,TTACHHTAGC,G,ATTTAG,T,H,C,TAGCCCG,C,T,A,H,GT,G,T,A,T,AA,A,ATA,HHHHAAHHHHHH,HHH,TTCGCTGA,GCAGTTGH,H,A,H,G,HHH,CTC,CGAAGTAHH,HHHHH,C,H,GHHTHG,H,A,GT,T,H,CA,TH,HTTTH,H,HHH,AC,T,H,CCTGHT,GCGGTA,GTTTCGG,HHHHH,HHHHHHHHHAGATGTCGAG,HA,TCG,HCTHA,H,-,H,HHHHHH,C,A,HHHHH,HHH,HGCTCTTTTTACGCTA,GGCA
MariaEmilia,CTTC,C,TGCTTAATCCTTCTGTCAAGGATATGCTA,TGCAT,G,TG,G,A,C,GCCTCTT,T,CC,ACACTAGA,A,A,G,A,TTA,CCCACTGAAGGAATATTAAAC,AT-TCTCG,GATTCAT,THHHAHHH,GAG,CGC,GATTTGTTCTCATCGCTTGGGGG,T,CTAGT,H,AGTGT,T,TCGTAAGT,C,AACGAC,ATTTTG,CACTGT,T,AGATT,GGACATTTTC,TA,T,A,H,TCCGA,H,TGACG,TCATGTGA,C,AAGGTA,GAA,G,TCACCTC,C,T,TCC,C,TTTCAATC,A,T,ATTGTAAC,T,C,GT,G,C,TGCGC,CT,TC,T,A,GGCC,H,A,T,T,G,TGCGT,A,T,C,ACCGHCCG,TA,C,A,T,CGCC,T,H,C,A,GTAGGGACT,C,CCGCAT,C,AT,AC,C,T,TCG,T,C,A,GGTCAAGAGGTTG-AGGGTAAGC-,AAAG,AGTTCTGCC,TCTCCA,T,G,A,CGCAAGT,A,C,G,AAGCAAHTAT,C,GCTTAC,T,H,T,GAGCCCG,C,T,A,A,GT,G,C,A,T,AA,A,ATA,GTTTAACAGGTG,AAC,TTCGCTGA,GCAGTTGA,G,A,T,G,AGG,CTC,CGAAGTAAC,CGACC,G,G,GAGTGG,G,A,GT,T,C,CA,TC,ATTTT,A,TGC,AC,T,A,CCTGGT,GCGGTA,GTTTCGG,TTCCT,CCAACACACAGATGTCGAG,AA,TCG,TCTTA,T,C,T,TGGCAA,C,A,CATAC,TTA,TGCTCTTTTTACGCTA,GGCA
MariaAurelia,HHHH,C,HHHHHHHHHHHHHHHHCAAGGAHHTH---,HHHHH,G,TG,G,A,H,GCCTCTH,H,HH,ACACTAGA,A,A,G,H,TTA,CCCACTGAAGGAATATTAAAC,GGHHHHHH,HAHHHHH,HHHHAHHH,TTT,HGH,GAHTTGTGCTGATCGCTTGGGGG,T,CTAGA,H,AGCGT,T,ACACCGCA,T,-ATGHC,HHHHHH,HACHHH,T,AGATT,GGACATTTTC,TA,T,A,H,HCCGA,H,TGACG,TCATGTGA,C,AAGGTA,GAA,G,TCACCTC,C,T,TCC,C,TTTCAATC,A,T,ATTGTAAC,T,H,HH,G,C,TGCGC,H-,HH,T,H,GGCC,H,A,T,T,G,TGCHT,A,T,C,ACCGACCG,HH,C,H,T,HHHH,H,H,H,H,GTAGHGHHH,C,CCGHHH,-,HH,--,H,T,HHH,H,H,A,GGTCHAHHHHHH---HHGTHAGC-,AAHH,HHHHHHGCC,HHHHHH,H,H,A,HHHHHHT,H,H,G,HHGHHHHHHH,H,HHTTAH,T,H,H,HHHHHHH,C,T,A,H,GT,G,H,A,T,AA,A,ATA,HHHHAAHHHHHH,HHH,TTCGCTGA,GCAGTTGA,G,A,T,G,AGG,CTC,CGAAGTAAC,CGACC,-,G,GAGTGG,G,A,GT,T,C,CA,TC,ATTTT,A,TGC,AC,T,A,CCTGGT,GCGGTA,GTTTCGG,TTCCT,CCAACACACAGHTGTCGAG,AA,TCG,TCTTA,T,C,T,TGGCAA,C,-,CATAC,TTA,TGCTCTTTTTACGCTA,GGCA
MariaCarla,CTTC,C,TGCTTAATCCTTCTGTCAAGGATATGCTA,TGTTC,G,TG,G,A,C,GCCTCTT,T,CC,ACACTAGA,A,A,G,A,TTA,CCCATAAGTCTGGCGACTTTA,GGCTCCCA,GATTCAT,TGCGACCC,TTT,TGT,GACTTGTGCTGATCGCTTGGGGG,T,CTAGA,H,AGCGT,T,ACACCGCA,T,AATGCC,GGCGCA,TACCTA,T,AGATT,GGACATTTTC,TA,T,A,H,TCCGA,H,TGACG,TCATGTGA,C,AAGGTA,GAA,G,TCACCTC,C,T,TCC,C,TTTCAATC,A,T,ATTGTAAC,T,T,AC,G,C,TGCGC,TC,CH,T,G,GGCC,H,A,T,T,G,TGCTT,A,T,C,ACCGACCG,CG,C,A,C,TAHT,T,H,T,T,ACCAGGATT,T,GTACAT,C,AT,CA,C,C,CTA,T,A,T,CCCTAGACCACGTGTAAGTGTAAT,CGTT,AGTTCTCTG,AAGGAG,A,G,G,GACATGC,A,C,A,TTACAATAGC,G,ATTTAG,T,H,C,TCCTGTA,C,T,A,G,GT,G,T,A,T,AA,A,ATA,TCCCAATGAACA,GTT,TTCGCTGA,GCAGTTGA,G,A,T,G,AGG,CTC,CGAAGTAAC,CGACC,G,G,GAGTGG,G,A,GT,T,C,CA,TC,ATTTT,A,TGC,AC,T,A,CCTGGT,GCGGTA,GTTTCGG,TTCCT,CCAACACACAGATGTCGAG,AA,TCG,TCTTA,T,C,T,HHHHHH,C,A,CATAC,TTA,TGCTCTTTTTACGCTA,GGCA
Federica,CTTC,H,TGCTTAATCCTTCTGTHHHHHHTAHGCTA,TGTTC,G,HH,H,H,C,HHHHHHH,T,CC,HHHHHHHH,A,H,H,A,HHA,CCCAHHHHHHHHHHHHHHHHH,GGHHHCCA,AGCCTGG,CAHAATTT,GAG,CGC,GATTTGTTCTCATCGCTTGGGGG,T,CTAGT,H,AGTGT,T,TCGTAAGT,C,AACGAC,ATTTTG,CACTGT,T,AGATT,GGACATTTTC,TA,T,A,H,TCCGA,H,TGACG,TCATGTGA,C,AAGGTA,GAA,G,TCACCTC,C,T,TCC,C,TTTCAATC,A,T,ATTGTAAC,T,T,AC,G,C,TGCGC,TC,CT,T,G,GGCC,H,A,T,T,G,TGCTT,A,T,C,ACCGACCG,CG,C,A,C,TATT,T,H,T,T,ACCAGGATT,T,GTACAT,C,AT,CA,C,C,CTA,T,A,T,CCCTAGACCACGTGTAAGTGTAAT,CGTT,AGTTCTCTG,AAGGAG,A,G,G,GACATGC,A,C,A,TTACAATAGC,G,ATTTAG,T,H,C,TCCTGTA,C,T,A,G,GT,G,T,A,T,AA,A,ATA,TCCCAATGAACA,GTT,TTCGCTGA,GCAGTTGA,G,A,T,G,AGG,CTC,CGAAGTAAC,CGACC,G,G,GAGTGG,G,A,GT,T,C,CA,TC,ATTTT,A,TGC,AC,T,A,CCTGGT,GCGGTA,GTTTCGG,TTCCT,CCAACACACAGATGTCGAG,AA,TCG,TCTTA,T,C,T,TGGCAA,C,A,CATAC,TTA,TGCTCTTTTTACGCTA,GGCA
SP12-18,THHH,H,HHHCHHHHHHHHHHHHHHHHHHHH-HHHH,CACAT,G,HH,H,H,C,HHHHHHH,T,CC,HHHHHHHH,A,H,H,A,HH-,TAGCHHHHHHHHHHHHHHHHH,GGHHHCHA,HHHHHHH,HHHAHHHH,HHH,HHH,HHTHHHHHHHCHHHHHHHHHHHH,H,HHHHT,-,HHHHH,T,TCGTAAGH,H,HHH-HH,ATTTTG,CACTGT,T,AGATT,GGAHHHTTTC,TA,T,A,H,TCCGA,H,TGACG,TCATGHGA,C,AAGGTA,GAA,G,TCACCTC,C,T,TCC,C,TTTCAATC,A,T,ATTGTAAC,T,T,AC,H,H,HHHHH,TC,CT,T,G,GGCC,H,A,T,T,H,HHHTH,A,T,C,ACCGACCG,CG,C,A,H,HHHH,T,H,H,H,HHHHGGAHT,H,HHHCAT,C,AT,HH,C,H,HHH,T,H,H,HHHHAHHHHHHHHHHHHGTHHHHH,HHHH,AGTTCTHHH,HHHHHH,H,H,H,GA-HTHH,H,H,H,TTHHHHTAGC,G,ATTTAG,T,H,H,HHHHHHH,C,T,A,H,GT,G,H,A,T,AA,A,ATA,HHHHAAHHHHHH,HHH,TTCGCTGA,GHHHHHHA,G,A,H,H,HHH,CTC,CGAAGTAAC,CGACC,H,G,GAGTGG,G,A,GT,T,C,CA,TC,ATTTT,A,HHH,AC,T,A,CCTGGT,GCGGTA,GTTTCGG,TTCCT,CCAACACACAGATGTCGAG,AA,TCG,TCTTA,T,C,H,TGGCAA,C,A,CATAC,TTA,TGCTCTTTTTACGCTA,GGCA
SP15-15,CTTC,C,TGCTTAATCCTTCTGTCAAGGATATGCTA,TGTTC,G,TG,G,A,C,GCCTCTT,T,CC,ACAHTAGA,A,A,G,A,TTA,CCCACTGAAGGAATATTAAAC,GGGGTCTA,HHHHHHH,HHHHA-HH,HHH,HGH,GAHTTGTHCTHATCGCTTG-GGG,T,CTAGH,H,AGTGT,T,TCGTAAGT,C,AACGAC,ATTTTG,CACTGT,T,AGATT,-HHHATHHHH,HH,T,A,H,TCCGA,H,THHHG,HCATHTGH,H,HHHHTH,HHH,H,HHHHHHH,C,T,HHH,C,HTHCHATH,H,T,HHHHHHAC,T,T,AC,G,H,-HCGH,TC,HH,T,G,HHHH,H,H,H,T,H,HHHTH,H,H,H,ACCGACCG,HH,H,H,H,TATT,H,H,T,T,HHHHHHHTH,H,HHHHHH,H,HH,CA,H,H,CTA,H,A,H,HHHHHHACCACGTGTAAGTGHHHH,CGTT,HHHHHHHHH,AAGGAG,A,G,H,HHCAHGH,A,C,H,HHHCAAHHHH,H,HHTTAH,T,H,H,HHHHHHH,C,T,A,H,GT,G,H,A,T,AA,A,ATA,HHHHAAHHHHHH,HHH,TTCGCTGA,GCAGTTGA,G,A,T,G,AGG,CTC,CGAAGTAAC,CGACC,G,G,GAGTGG,G,A,GT,T,C,CA,TC,ATTTT,A,HHH,AC,T,A,CCTGGT,GCGGTA,GTTTCGG,TTCCT,CCAACACACAGATGTCGAG,AA,TCG,TCTTA,T,C,H,HHHHHH,C,A,CATAC,TTA,TGCTCTTTTTACGCTA,GGCA
SpringRed,HHHH,C,HHHHHHHHHHHHHHHHCAAGGAHHHHHHH,HHHHH,G,HH,G,A,C,GCCTCTT,T,CC,ACACTAGA,A,A,G,A,TTA,CCCACTGAAGGAATATTAAAC,GGG-TCTA,GATTCAT,THHHAHHH,HHH,HGH,GAHTTGTHCTHATCGCTTGGGGG,T,CTAGH,H,AGHGT,T,HCHHHHHH,H,AAHGHC,HHHHHH,HACHHH,T,AGATT,GGACATTTTC,TA,T,A,H,TCCGA,H,TGACG,TCATGTGA,C,AAGGTA,GAA,G,TCACCTC,C,T,-CC,C,TTTCAATC,A,T,ATTGTAAC,T,H,HH,G,C,TGCGC,HH,HH,T,H,GGCC,H,A,T,T,G,TGCHT,A,T,C,ACCGACCG,HH,C,H,T,HHHH,H,H,H,H,GTAGHHHHH,C,CCGHHH,H,HH,AC,H,T,HHH,-,H,A,GGTCHAHHHHHHHHHHHGTHAGCH,AAHH,HHHHHHGCC,HHHHHH,H,H,A,HHH---T,H,H,G,HHGHHHH-H-,H,HHTTAH,T,H,H,HHHHHHH,C,T,A,H,GT,G,H,A,T,AA,A,ATA,HHHHAAHHHHHH,GTT,TTCGCTGA,GCAGTTGA,G,A,T,G,AGG,CTC,CGAAGTAAC,CGACC,G,G,GAGTGG,G,A,GT,T,C,CA,TC,ATTTT,A,TGC,AC,T,A,CCTGGT,GCGGTA,GTTTCGG,TTCCT,CCAACACACAGATGTCGAG,AA,TCG,TCTTA,T,C,A,TGGCAA,C,A,CATAC,TTA,TGCTCTTTTTACGCTA,GGCA
Andross,CTTC,C,TGCTTAATCCTTCTGTCAAGGATATGCTA,TGTTC,G,TG,G,A,C,GCCTCTT,T,CC,ACACTAGA,A,A,G,A,TTA,CCCACTGAAGGAATATTAAAC,GGGGTCTA,GATTCAT,TGCGACCC,TTT,TGT,GACTTGTGCTGATCGCTTGGGGG,T,CTAGA,H,AGCGT,T,ACACCGCA,T,AATGCC,-GCGCA,TACCTA,T,AGATT,GGACATTTTC,TA,T,A,H,TCCGA,H,TGACG,TCATGTGA,C,AAGGTA,GAA,G,TCACCTC,C,T,TCC,C,TTTCAATC,A,T,ATTGTAAC,T,T,AC,G,C,TGCGC,HH,HH,T,H,GGCC,H,A,T,T,G,TGCHT,A,T,C,ACCGACCG,HH,C,A,H,HHHH,T,H,H,H,HHHHGGAHT,H,HHHCAT,C,AT,HH,C,H,HHH,T,H,H,HHHHAHHHHHHHHHHHHGTHHHHH,HHHH,AGTTCTHHH,HHHHHH,H,H,H,GAHHTHH,H,H,H,TTHHHHTAGC,G,ATTTAG,T,H,C,TCCTGTA,C,T,A,G,GT,G,T,A,T,AA,A,ATA,TCCCAATGAACA,GTT,TTCGCTGA,GCAGTTGA,A,A,T,A,GAG,TCT,CGAAGTACC,CGACC,C,G,GAGTGG,G,G,GT,G,C,CA,HH,HHTTT,H,HHH,HH,H,H,HHHHHT,GCGGTA,HHHHHHH,TTHHH,HHHHHHHHCHHHHHHHHHH,HH,HHH,TCTHA,H,C,H,TGGCAA,C,A,HHTAH,TTA,TGCTCTTTTTACGCTA,GGCA
37G868,TCCT,C,CATCCGGATACCAAACCAAGGACCACACC,CACAT,G,TG,G,A,C,GCCTCTT,T,CC,ACACTAGA,A,A,G,A,TTA,CCCACTGAAGGAATATTAAAC,GGGGTCTA,GATTCAT,TGCGACCC,TTT,TGT,GACTTGTGCTGATCGCTTGGGGG,T,CTAGA,H,AGCGT,T,ACACCGCA,T,-ATGCC,GGCGCA,TACCTA,T,AGATT,GGACATTTTC,TA,T,A,H,TCCGA,H,TGACG,TCATGTGA,C,AAGGTA,GAA,G,TCACCTC,C,T,TCC,C,TTTCAATC,A,T,ATTGTAAC,T,H,HH,G,C,TGCGC,H-,HH,T,H,GGCC,H,A,T,T,G,TGCHT,A,T,C,ACCGACCG,HH,C,H,T,HHHH,H,H,H,H,GTAGHHHHH,C,-CGHHH,H,HH,AC,H,T,HHH,H,H,A,GGTCHAHHHHHHHHHHHGTHAGCC,AAHH,HHHHHHGCC,HHHHHH,H,H,A,HHHHHHT,H,H,G,HHGHHHHHHH,H,HHTTAH,T,H,H,HHHHHHH,C,T,A,H,GT,G,H,A,T,AA,A,ATA,GTTTAACAGGTG,AAC,TTCGCTGA,GCAGTTGA,G,A,T,G,AGG,CTC,CGAAGTAAC,CGACC,G,G,GAGTGG,G,A,GT,T,C,CA,TC,HHTTT,A,HHH,AC,T,A,CCTGGT,GCGGTA,GTTTCGG,TTCCT,CCAACACACAGATGTCGAG,AA,TCG,TCTTA,T,-,T,TGGCAA,C,A,CATAC,TTA,TGCTCTTTTTACGCTA,GGCA
DavieDwarf,TCHH,A,TGTCCGGATCTTCTGTCAAGGACHAGCTA,CATTT,A,CG,C,G,C,CCC-TA-,A,CC,CTGTHAGA,T,A,G,A,ACA,CCCA-AAAAGGGGCGATTAAA,GGCTCTCA,A-CCTGT,TGCAACCT,GAG,TTT,GACTTGTTCTCATCGCTTGGGGG,T,CTAGA,H,ATCAC,G,AHACAACA,T,TGTG-C,ATTTTG,CACTGT,T,GATAA,GGATATTTTC,TA,T,G,H,TCCGA,H,TTGTG,TCAT-TGA,H,GGAATG,AGG,A,TCACCTC,C,T,TCC,C,CGTTGCCA,A,C,ATTGTAAC,T,T,AT,A,T,CHCGC,TC,TC,C,A,GGCC,H,A,T,T,G,TGCTT,T,H,H,ACCGACCG,TA,H,H,-,CGCC,C,H,T,A,GTAGGGACT,C,CCGCGT,C,AT,CA,C,C,TCG,T,C,A,GGTCAAGAGGHTGAAGGGTGTAAT,CGTT,AGTTCTHCC,THTCCA,T,G,G,GGCAAGT,T,C,A,TTACAATAGC,G,ATCCGG,A,H,T,GAGCCCG,C,A,A,G,GT,C,C,A,T,TC,A,ATA,GTTTAACAGGTG,AAC,TTCGCTGA,GCAGTTGT,G,H,A,A,GAA,CTC,CGAAGTAAC,CGACC,C,G,GAGTGG,G,-,GT,T,C,CA,GT,-CTTT,A,TGC,AC,A,C,CCTGGT,AGACCG,GTTTCGG,TTCCT,CCAACACACAGGATTCGHG,TA,TTA,TCTAA,T,-,T,HHCHHH,C,G,ATHHA,ACG,-GCTH-CTA-------,GGCA
MariaRosa,CTTC,C,TGCTTAATCCTTCTGTCAAGGATATGCTA,TGTTC,G,TG,G,A,C,GCCTCTT,T,CC,ACACTAGA,A,A,G,A,TTA,CCCACTGAAGGAATATTAAAC,GGGGTCTA,GATTCAT,TGCAGCCC,TTT,TGT,HHHH--HGHHHHHHHHHHHHHHH,H,HHHHH,H,HHCHH,T,HCHHHHHA,T,AATGCC,GGCGCA,TACCTA,T,AGATT,GGACATTTTC,TA,T,A,H,TCCGA,H,TGACG,TCATGHGA,C,AAGGTA,GAA,G,TCACCTC,C,T,TCC,C,TTTCAATC,A,H,HH---HHH,H,H,HH,G,C,TGCGC,TC,CT,T,G,GGCC,H,A,T,H,G,TGCTT,A,T,C,HHHHHHHG,TA,T,G,C,TATT,T,H,T,T,ACCAGGATT,T,GTACAT,C,AT,AC,C,T,TCG,T,C,A,GGT-AAGAGGTTGAAG-GTAAGCC,AAAG,AGTTCTGCC,T-TCCA,T,C,A,GATCTCT,T,T,G,TTGA-HTAGC,G,ATTTAG,T,H,C,TCCTGTA,C,T,A,G,GT,G,T,A,T,AA,A,ATA,TCCCAATGAACA,-TT,TTCGCTGA,GGGACGCA,G,A,A,A,GAA,CTC,CGAAGTAAC,CGACC,C,G,AAG-GA,G,A,GT,T,C,CA,TC,ATTTT,A,GCT,AC,T,A,CCTGGT,GCGGTA,GTTTCGG,TTCCT,CCAACACACAGATGTCGAG,AA,TCG,TCTAA,A,C,T,TGGCAA,C,-,ATCGA,TTA,TGCTCTTTTTACGCTA,GGCA
F8PL40-41,CTTC,C,TGCTTAATCCTTCTGTCAAGGATATGCTA,TGTTC,G,HH,H,G,H,HHHHHHC,H,HH,HHHHHHHH,A,H,H,H,HHH,HHHHHHHHHHHHHHHHHHHHH,GGHHHCHA,HHHHHHH,H-HHAHHH,HHH,HGH,GAHTTGTHCTHATCGCTTGGGGG,T,CTAGH,H,AGHGT,T,HCHHHHHH,H,-AHGHC,HHHHHH,HACHHH,H,AGATT,GGACATTTTC,TA,T,A,H,TCCGA,H,TGACG,TCATGTGA,C,AAGGTA,GAA,G,TCACCTC,C,T,TCC,C,TTTCAATC,A,T,ATTGTAAC,T,C,GT,G,C,TGCGC,--,TC,T,A,GGCC,H,A,T,T,G,TGCGT,A,T,C,ACCGACCG,TA,C,-,T,CGCC,T,H,C,A,GTAGGGACT,C,CCGCAT,C,AT,AC,C,T,TCG,T,-,A,GGTCAAGAGGTTGAAGGGTAAGCC,AAAG,AGTTCT-CC,TCTCCA,T,C,A,GATCTCT,T,-,G,TTGATGTAGC,G,ATTTAG,T,H,C,TCCTGTH,C,T,A,G,GT,G,T,A,T,AA,A,ATA,TCCCAAHHHHHH,HHH,TTCGCTGA,GCAGTTGA,G,A,T,G,HGG,CTC,CGAAGTAAC,CGACC,G,H,GAGTGG,G,A,GT,T,C,CA,TC,ATTTT,A,TGC,AC,T,A,CCTGGT,GCGGTA,GTTTCGG,TTCCT,CCAACACACAGATGTCGAG,AA,TCG,TCTTA,T,C,T,HHHHHH,C,A,CATAC,TTA,TGCTCTTTTTACGCTA,GGCA
F8PL49,CTTC,C,TGCTTAATCCTTCTGTCAAGGATATGCTA,HHHHH,G,HH,H,H,C,HHHHHHH,T,CC,HHHHHHHH,A,H,H,A,HHH,HHHHHHHHHHHHHHHHHHHHH,GGHHHCHA,HHTTCAH,HHHAATTT,-H-,CGC,GATTTGTTCTCATCGCTTGGGGG,T,CTAG-,H,AGTGT,T,TCGTAAGH,H,HHHHHH,ATTTTG,CACTGT,T,AGATT,GGAHHHTTTC,TA,T,A,H,TCCGA,H,TGACG,TCATGHGA,C,AAGGTA,GAA,G,TCACCTC,C,T,TCC,C,TTTCAATC,A,T,ATTGTAAC,T,-,HH,G,C,TGCGC,HH,HH,T,H,GGCC,H,A,T,T,G,TGCTT,A,T,C,ACCGACCG,HH,C,A,H,HHHH,T,H,H,H,HHHAGGATT,T,GTACAT,C,AT,CA,C,C,CTA,T,A,T,CCCTAGACCACGTGTAAGTGTAAT,CGTT,AGTTCTCTG,HHHHHG,A,H,G,GHCATGC,A,C,H,TTACAATAGC,G,ATTTAG,T,H,C,TCCTGTA,C,T,A,G,GT,G,T,A,T,AA,A,ATA,TCCCAATGAACA,GTT,TTCGCTGA,GCAGTTGA,G,A,T,G,AGG,CTC,CGAAGTAAC,CGACC,G,G,GAGTGG,G,A,GT,T,C,CA,TC,ATTTT,A,TGC,AC,T,A,CCTGGT,GCGGTA,GTTTCGG,TTCCT,CCAACACACAGATGTCGAG,AA,TCG,TCTTA,T,C,T,TGGCAA,C,A,CATAC,TTA,TGCTCTTTTTACGCTA,GGCA
61RA208,HHHH,C,HHHHHHHHHHHHHHHHCAAGGAHHHHHHH,HHHHH,G,TG,G,A,H,GCCTCTH,H,HH,ACACTAGA,A,A,G,H,TTA,CCCACTGAAGGAATATTAAAC,GGGGTCTA,GATTCAT,TGCGACCC,TTT,TGT,GACTTGTGCTGATCGCTTGGGGG,T,CTAGA,H,AGCGT,T,ACACCGCA,T,AATGCC,GGCGCA,TACCTA,T,AGATT,GGACATTTTC,TA,T,A,H,TCCGA,H,TGACG,TCATGTGA,C,AAGGTA,GAA,G,TCACCTC,C,T,TCC,C,TTTCAATC,A,T,HHHHHHHH,H,C,GT,G,C,TGCGC,CT,TC,T,A,GGCC,H,A,T,T,G,TGCGT,A,T,C,ACCGACCG,TA,C,A,T,CGCC,T,H,C,A,GTAGGGACT,C,CCGCAT,C,AT,HH,C,H,HHH,T,H,H,HHHHAHHHHHHHHHHHHGTHHHHH,HHHH,AGTTCTHHH,HHHHAG,A,G,G,GACATGC,A,C,A,HHHCAAHHHH,H,ATTTAG,H,H,C,THHHHHH,H,H,H,G,HH,H,H,A,H,AA,H,HHH,HHHCAHHHHHHH,HHH,HHHHHHHH,TCAGTTGT,G,G,T,A,GAG,TCT,ACGGTCCAT,TAGTT,G,G,GAGTGG,T,A,AC,T,C,TT,TC,ATTTT,A,TGC,AC,A,C,CCTGGT,AGACCG,GTTTCGG,ACATG,ATCCACCAAAGATGTCGAG,TA,ATA,ATCAG,T,A,T,TGGCAA,T,A,CTCGA,ACG,CAATTGTCACCTAACG,ATTG
SP1-93,HHHH,C,HHHHHHHHHHHHHHHHCAAGGAHHHHHHH,HHHHH,G,TG,G,A,C,GCCTCTT,T,CC,ACACTAGA,A,A,G,A,TTA,CCCACTGAAGGAATATTAAAC,GGGGTCTA,GATTCAT,TGCGACCC,TTT,TGT,GACTTGTGCTGATCGCTTGGGGG,T,CTAGA,H,AGCGT,T,ACACCGCA,T,AATGCC,GGCGCA,TACCTA,T,AGATT,GGACATTTTC,TA,T,A,H,TCCGA,H,TGACG,TCATGTGA,C,AAGGTA,GAA,G,TCACCTC,C,T,TCC,C,TTTCAATC,A,T,ATTGTAAC,T,T,AC,G,C,TGCGC,HH,HH,T,H,GGCC,H,A,T,T,G,TGCHT,A,T,C,ACCGACCG,HH,C,H,T,HHHH,H,H,H,H,GTAGHHHHH,C,CCGHHH,H,HH,AC,H,T,HHH,H,H,A,GGTCHAHHHHHHHHHHHGTHAGCC,AAHH,HHHHHHGCC,HHHHHH,H,H,A,HHHHHHT,H,H,G,HHGHHHHHHH,H,HHTTAH,T,H,H,HHHHHHH,C,T,A,H,GT,G,H,A,T,AA,A,ATA,HHHHAAHHHHHH,HHH,TTCGCTGA,GC--TTGA,H,A,T,H,HHG,HHH,CGAAGTAHC,CGACC,H,G,GAGTGG,G,H,GT,H,C,CA,HH,HHTTT,A,TGC,--,H,H,HHHHHH,GCGGTA,HHHHHHH,TTHHH,HHHHHHHHCHHHHHHHHHH,AA,TCG,TCTTA,T,C,H,TGGCAA,C,A,CATAC,TTA,TGCTCTTTTTACGCTA,-GCA
SP9-5,CTTC,C,TGCTTAATCCTTCTGTCAAGGATATGCTA,TGTTC,G,TG,G,A,C,GCCTCTT,T,CC,ACAHTAGA,A,A,G,A,TTA,CCCACTGAAGGAATATTAAAC,GGGGTCTA,HHHHHH-,HHHHAHHH,H-H,HGH,GAHTTGTHCTHATCGCTTGGGGG,T,CTAGH,H,AGTGT,T,TCGT-AGT,H,AACGAC,ATTTTG,CACTGT,H,AGATT,HHHHATHTTC,TA,T,A,H,TCCGA,H,TGACG,TCATHTGA,C,HH-GTA,GAA,G,TCACCTC,C,T,TC-,C,TTTCAATC,A,T,ATTGTAAC,T,T,AC,G,C,TGCGC,TC,CT,T,G,GGCC,H,A,T,T,G,TGCTT,A,T,C,ACCGACCG,CG,C,A,C,TATT,T,H,T,T,ACCAGGATT,T,GTACAT,C,AT,CA,C,C,CTA,T,A,T,CCCTAGACCACGTGTAAGTGTAAT,CGTT,AGTTCTCTG,AAGGAG,A,G,G,GACATGC,A,H,H,TTHHAATAGC,G,ATTTAG,T,H,C,TCCTGTA,C,T,A,H,GT,G,T,A,T,AA,A,ATA,TCCCAATGAACA,HHH,TTCGCTGA,GCAGTTGA,G,A,T,G,AGG,CTC,CGAAGTAAC,CGACC,H,H,GHHTHG,G,H,GT,H,H,CA,TC,HTHHH,A,HHH,AC,T,A,CCTGGT,GCGGTA,GTTTCGG,TTHHH,HHHHHHHHCHHHHHHHHHH,HH,HHH,HCTHA,H,C,H,TGHCAA,C,H,HHHHH,TTA,TGCHHHHTTTACGCTA,HHHH
Starlite,CTTC,H,TGCTTAATCCTTCTGTHHHHHHTAHGCTA,TGTTC,G,TG,G,A,C,GCCTCTT,T,CC,ACACTAGA,A,A,G,A,TTA,CCCACTGAAGGAATATTAAAC,GGGGTCTA,GATTCAT,TGCGACCC,TTT,TGT,GACTTGTGCTGATCGCTTGGGGG,T,CTAGA,H,AGHGT,T,HCHHHHHH,H,AAHGHC,HHHHHH,HACHHH,-,AGATT,GGACHHTTTC,TA,T,A,H,TCCGA,H,HGHHH,THHHGHHA,H,HHHHHH,GAA,H,HHHHHHH,H,T,HHH,C,HHTHHHHH,A,H,HHHHHHHH,H,T,AC,G,C,TGCGC,TC,CT,T,G,GGCC,H,A,T,T,G,TGCTT,A,T,C,ACCGACCG,CG,C,A,C,TATT,T,H,T,T,ACCAGGATT,T,GTACAT,C,AT,CA,C,C,CTA,T,A,T,CCCTAGACCACGTGTAAGTGTAAT,CGTT,AGTTCTCTG,AAGGAG,A,G,G,GACATGC,A,H,H,TTHHHHTAGC,G,ATTTAG,T,H,C,TCCTGTA,C,T,A,H,GT,G,T,A,T,AA,A,ATA,TCCCAATGAACA,HHH,TTCGCTGA,GCAGTTGA,G,A,T,G,AGG,CTC,CGAAGTAAC,CGACC,H,H,GHHTHG,G,H,GT,H,H,CA,TC,HTHHH,A,HHH,AC,T,A,CCTGGT,GCGGTA,GTTTCGG,TTCHH,HHHHHHHHCHHHHHHHHHH,HH,HHH,HCTHA,H,C,H,TGHCAA,C,H,HHHHH,TTA,TGCHHHHTTTACGCTA,HHHH
Goldprince,HHHH,C,HHHHHHHHHHHHHHHHHHHHHHTAHGCTA,HHHHH,G,TG,G,A,C,GCCTCTT,T,CC,ACACTAGA,A,A,G,A,TTA,CCCAHHHHHHGHHHHHHHHHH,GGHHHCHA,HAHHHHH,HHHHAHHH,HHH,HGH,GAHTTGTTCTHATCGCTTGGGGG,T,CTAGH,H,AGHGT,T,HCHHHHHH,H,AAHGHC,HHHHHH,HACHHH,T,AGATT,GGACATTTTC,TA,T,A,H,TCCGA,H,TGACG,TCATGTGA,C,AAGGTA,GAA,G,TCACCTC,C,T,TCC,C,TTTCAATC,A,T,ATTGTAAC,T,T,AC,G,C,TGCGH,TC,CT,T,G,-GCC,H,A,T,T,G,TGCTT,A,T,C,ACCGACCG,CG,C,A,C,TATT,T,H,T,T,ACCAGGATT,T,GTACAT,C,AT,CA,C,C,CTA,T,A,T,CCCTAGACCACGTGTAAGTGTAAT,CGTT,AGTTCTCTG,AAGGAG,A,G,G,GACATGC,A,C,A,TTACAATAGC,G,ATTTAG,T,H,C,THHHHHH,C,T,A,H,GT,G,H,A,T,AA,A,ATA,TCCCAATGAACA,HHH,TTCGCTGA,GC--TTGA,G,A,T,G,AGG,CTC,CGAAGTAAC,CGACC,H,H,GHHTHG,G,H,GT,H,H,CA,TC,HTHHH,A,HHH,AC,T,A,CCTGGT,GCGGTA,GTTTCGG,TTCHH,HHHHHHHHCHHHHHHHHHH,HH,HHH,HCTHA,H,C,H,------,C,H,HHHHH,TTA,TGCHHHHTTTACGCTA,HHHH
Juneprincess,CTTC,C,TGCTTAATCCTTCTGTCAAGGATATGCTA,TGHHH,G,TG,G,A,H,GCCTCTH,H,HH,ACACTAGA,A,A,G,H,TTA,CCCACTGAAGGAATATTAAAC,HHCTCTC-,HAHHHHH,HHHHAHHH,GAG,CGC,GATTTGTTCTC--CGCTTGGGGG,T,CTAGT,H,AGTGT,T,TCGTAAGT,C,AACGAC,ATTTTG,CACTGT,T,AGATT,GGACATTTTC,TA,T,A,H,TCCGA,H,TGACG,TCATGTGA,C,AAGGTA,GAA,G,TCACCTC,C,T,TCC,C,TTTCAATC,A,T,ATTGTAAC,T,H,HH,G,C,TGCGC,HH,HH,T,H,GGCC,H,A,T,T,G,TGCHT,A,T,C,ACCGACCG,HH,C,A,H,CHHH,T,H,H,A,HHHGGGACT,C,CCGCAT,C,AT,AC,C,T,TCG,T,C,A,GGTCAAGAGGTTGAAGGGTAAGCC,AAAG,AGTTCTGCC,TCTCCA,T,C,A,GATCTCT,T,T,G,TTGATGTAGC,G,ATTTAG,T,H,C,TCCTGTA,C,T,A,G,GT,G,T,A,T,AA,A,ATA,TCCCAAHHHHHH,HHH,TTCGCTGA,GCAGTTGA,G,A,T,G,AGG,CTC,CGAAGTAAC,CGACC,G,G,GAGTGG,G,A,GT,T,C,CA,TC,ATTTT,A,TGC,AC,T,A,CCTGGT,GCGGTA,GTTTCGG,TTCCT,CCAACACACAGATGTCGAG,AA,TCG,TCTTA,T,C,T,TGGCAA,C,A,CATAC,TTA,TGCTCTTTTTACGCTA,GGCA
SouthernPearl,HHHH,C,HHHHHHHHHHHHHHHHCAAGGAHHHHHHH,HHHHH,G,TG,G,A,C,GCCTCTT,T,CC,ACACTAGA,A,A,G,A,TTA,CCCACTGAAGGAATATTAAAC,GGGGTCTA,GATTCAT,TGCGACCC,TTT,TGT,GACTTGTGCTGATCGCTTGGGGG,T,CTAGA,H,AGHGT,T,HCGTAAGH,H,AAHGHC,HHHHHH,HACHHH,T,AGATT,GGACATTTTC,TA,T,A,H,TCCGA,H,TGACG,TCATGHGA,C,AAGGTA,GAA,G,TCACCTC,C,T,TCC,C,TTTCAATC,A,H,ATTGTAAC,T,T,AH,H,H,HHCGC,TC,HH,T,H,GGCC,H,A,T,T,G,TGCHT,A,T,C,ACCGACCG,HH,C,A,H,HHHH,T,H,H,H,HHHHGGAHT,H,HHHCAT,C,AT,HH,C,H,HHH,T,H,H,HHHHAHHHHHHHHHHHHGTHHHHH,HHHH,AGTTCTHHH,HHHHHH,H,H,H,GAHHTHH,H,T,G,TTGATGTAGC,G,ATTTAG,T,H,C,TCCTGTA,C,T,A,H,GT,G,T,A,T,AA,A,ATA,TCCCAATGAACA,HHH,TTCGCTGA,GCAGTTGA,G,A,T,G,AGG,CTC,CGAAGTAAC,CGACC,H,H,GHHTHG,G,H,GT,T,C,CA,TC,ATTTT,A,TGC,AC,T,A,CCTGGT,GCGGTA,GTTTCGG,TTCCT,CCAACACACAGATGTCGAG,AA,TCG,TCTTA,T,C,T,HHHHHH,C,A,CATAC,TTA,TGCTCTTTTTACGCTA,GGCA
CarolinaINTA,CTTC,C,TGCTTAATCCTTCTGTCAAGGATATGCTA,TGTTC,G,TG,G,A,C,GCCTCTT,T,CC,ACACTAGA,A,A,G,A,TTA,CCCAHHHHH-GHHHHHHHHHH,HHCTCHCH,HHHHHHH,HHHHAHHH,TTT,HGH,GAHTTGTHCTHATCGCTTGGGGG,T,CTAGH,H,AGHGT,T,HCHHHHHH,H,AAHGHC,HHHHHH,HACHHH,T,AGATT,HHHHATHHHH,HH,T,A,H,TCCGA,H,TGACG,TCATGTGA,C,AAGGTA,GAA,G,TCACCTC,C,T,TCC,C,TTTCAATC,A,T,ATTGTAAC,T,T,AC,G,C,TGCGC,TC,CT,T,G,GGCC,H,A,T,T,G,TGCTT,A,T,C,ACCGACCG,CG,C,H,H,TATT,H,H,T,T,HHHHHHHTH,H,HHHHHH,H,HT,HH,H,H,CTA,H,A,H,HHHHHHACCACGTGTAAGTGHHHH,CGTT,HHHHHHHHH,AAGGAG,A,G,A,HHCAHGH,A,C,H,HHHCAAHHHH,H,HHTTAH,T,H,H,HHHHHHH,C,T,A,H,GT,G,H,A,T,AA,A,ATA,HHH-AAHHHHHH,HHH,TTCGCTGA,GCAGTTGA,G,A,T,G,AGG,HHH,CGAAGTAAC,CGACC,G,G,GAGTGG,G,A,GT,T,C,CA,TC,ATTTT,A,TGC,AC,T,A,CCTGGT,GCGGTA,GTTTCGG,TTCCT,CCAACACACAGATGTCGAG,AA,TCG,TCTTA,T,C,T,HHHHHH,C,A,CATAC,TTA,TGCTCTTTTTACGCTA,GGCA
Fireprince,CTTC,C,TGCTTAATCCTTCTGTCAAGGATATGCTA,TGTTC,G,TG,G,A,C,GCCTCTT,T,CC,ACACTAGA,A,A,G,A,TTA,CCCACTGAAGGAATATTAAAC,GGGGTCTA,GATTCAT,TGCHHCCC,TTT,TGT,GACTTGTGCTGATCGCTTGGGGG,T,CTAGA,H,AGHGT,T,HCHHHHHH,H,AAHGHC,HHHHHH,HACHHH,H,AGATT,GGACATTTTC,TA,T,A,H,TCCGA,H,TGACG,TCATGTGA,C,AAGGTA,GAA,G,TCACCTC,C,T,TCC,C,TTTCAATC,A,T,ATTGTAAC,T,T,AC,G,C,TGCGC,TC,CT,T,G,GGCC,H,A,T,T,G,TGCTT,A,T,C,ACCGACCG,CG,C,H,H,TATT,H,H,T,T,HTAGATTTC,C,CCGTGG,T,T-,AC,A,T,CTA,G,A,A,GGTCCAACCACGTGTAAGTGAGCC,--TT,GTACTCGCC,AAGGAG,A,G,A,CGCAAGT,A,C,H,HHHCAA-HHH,H,HHTTAH,T,H,H,HHHHHHH,C,T,A,H,GT,G,H,A,T,AA,A,ATA,HHHHAAHHHHHH,HHH,TTCGCTGA,GC--TTGA,G,A,T,G,AGG,CTC,CGAAGTAAC,CGACC,G,G,GAGTGG,G,A,GT,T,C,CA,TC,ATTTT,A,TGC,AC,T,A,CCTGGT,GCGGTA,GTTTCGG,TTCCT,CCAACACACAGATGTCGAG,AA,TCG,TCTTA,T,C,T,HHHHHH,C,A,CATAC,TTA,TGCTCTTTTTACGCTA,GGCA
Dixiland,HHHH,C,HHHHHHHHHHHHHHH-CAAGGAHHHHHHH,HHHHH,G,TG,G,A,C,GCCTCTT,T,CC,ACAHTAGA,A,A,G,A,-TA,CCCACTGAAGGAATATTAAAC,GGGGTCTA,HHHHHHH,HHHHAHHH,TTT,HGH,GAHTTGTHCTHATCGCTTGGGGG,T,CTAGH,H,AGHGT,T,HC--HHHH,H,AAHGHC,HHHHHH,HACHHH,-,AGATT,HHHHATHHHH,HH,T,A,H,TCCGA,H,THHHG,HCATHTGH,H,HHHHTH,HH-,H,HHHHHHH,C,T,HHH,C,HTHCHATH,H,T,-HHHHHAC,T,T,AC,H,H,HHCGH,TC,HH,T,G,HHHH,H,H,H,T,H,HHHTC,H,-,H,ACCGACCG,HH,-,H,H,TATT,H,G,T,T,HHHHHHHTH,H,HHHHHH,H,HH,HH,H,H,CTA,H,A,H,HHHHHHACCACGTGTAAGTGHHHH,CGTT,AGTTHHHHC,AAGGAG,A,G,H,HHCAHGH,A,C,H,AAGCAAHHHH,H,HHTTAH,T,H,H,HHHHHHH,C,T,A,H,GT,G,H,A,T,AA,A,ATA,HHHHAAHHHHHH,HHH,TTCGCTGA,GCAGTTGA,G,A,T,G,AGG,CTC,CGAAGTAAC,CGACC,G,G,-AGTGG,G,A,GT,T,C,CA,TC,ATTTT,A,HHH,AC,T,A,CCTGGT,GCGGTA,GTTTCGG,TTCCT,CCAACACACAGATGTCGAG,AA,TCG,TCTTA,T,C,H,HHHHHH,C,A,CATAC,TTA,TGCTCTTTTTACGCTA,GGCA
